id,Domain,Status,Attractiveness,Demand,Length,Registrar,Created,Expires
5444cc82-f589-4d95-979c-f001d951d95f,getoutthevote.at,available,74,80,16,,,
86e4b6b8-58e9-49f3-b699-fac8970599f5,getoutthevote.cloud,available,74,80,16,,,
deae6d43-6229-419d-a350-72f839731478,getoutthevote.co,available,74,80,16,,,
1b6ebfd8-3724-4d5d-b91c-1afcbca7c370,getoutthevote.dev,available,74,80,16,,,
e569f9f5-97aa-46ac-a533-4f6199954e18,getoutthevote.expert,available,74,80,16,,,
327e10e7-84dd-4d95-abfb-946aa855f4ad,getoutthevote.gg,available,74,80,16,,,
ec615064-9743-4fe6-9a4a-f4ca8a9d0c04,getoutthevote.me,available,74,80,16,,,
17a516a0-1d1b-4547-970a-17f4bb057874,getoutthevote.net,available,74,80,16,,,
20460888-7be4-4337-8925-03e217fce3f1,getoutthevote.ninja,available,74,80,16,,,
ea2f22a6-b0d0-4bbe-a7ec-2703a55ed8a4,getoutthevote.online,available,74,80,16,,,
8ba18813-1cb0-4c1b-907c-99a8a980492d,getoutthevote.pro,available,74,80,16,,,
e5433f57-1bc1-4618-805b-46ea31e4dfd1,getoutthevote.site,available,74,80,16,,,
cc6c0862-c6ef-4fee-86cb-c8da28d5a170,getoutthevote.so,available,74,80,16,,,
61ab8504-cc0a-41a3-9aad-55ba3a0c0dfb,getoutthevote.space,available,74,80,16,,,
5a320164-e830-4cfa-bdc4-936b262581a7,getoutthevote.store,available,74,80,16,,,
0118fd95-9b34-4c3c-8518-c2db8ae8f7d1,getoutthevote.tech,available,74,80,16,,,
a637d1ff-6f78-4e93-8b40-e926bff31caf,getoutthevote.xyz,available,74,80,16,,,
eeac36ff-1ef8-461a-81e9-f9d50f2e788c,getoutthevote.zone,available,74,80,16,,,
8dd5d514-27be-432b-9442-4f1b02db6f24,governance.at,premium,64,92,10,,,
136b102b-eaa6-408c-804a-7ffc353840cf,governance.ninja,premium,64,92,10,,,
142608f1-60e7-466a-bcf7-05800c44ed84,governance.pro,sold,64,92,10,Dynadot Inc,31/12/2020 14:30,31/12/2026 14:30
b15eac26-2786-4dc8-a2eb-a13299d780ad,governance.so,sold,64,92,10,NameCheap,30/09/2023 06:49,30/09/2025 06:49
57857673-6c77-48fd-b9ae-ae989ed906a9,governance.xyz,sold,64,92,10,Dynadot LLC,24/11/2016 00:08,24/11/2028 23:59
14c94b1f-6d0d-45a3-8ef7-e7418007c871,publicpolicy.app,available,,84,13,,,
45f25f99-b775-4927-8bca-391714dc5c08,publicpolicy.at,sold,,84,13,World4You Internet Services GmbH ( https://nic.at/registrar/61 ),,
7b529848-5216-4fd4-864e-8aa0a29b8141,publicpolicy.cloud,available,,84,13,,,
599c6349-f181-4979-b20d-c6c20b0c6fca,publicpolicy.dev,available,,84,13,,,
cceaf85c-9924-4b7d-8498-d54c4428ca2e,publicpolicy.expert,expiring,,84,13,Tucows Domains Inc.,25/07/2014 03:11,25/07/2025 03:11
e6a05ae0-097a-487f-b8fa-9640b66c4929,publicpolicy.gg,available,,84,13,,,
c49746be-9c30-4ce8-8570-09580838cf9a,publicpolicy.io,available,,84,13,,,
06ed0426-c1e8-4c36-b1d6-ad517af581ef,publicpolicy.ninja,available,,84,13,,,
3796f487-fcb7-477e-8b92-12ec2881d0cc,publicpolicy.online,available,,84,13,,,
11966e6f-9db7-47ea-8001-395c790b871d,publicpolicy.site,available,,84,13,,,
d0d8c7dc-1618-4042-83ee-b73f734f53ac,publicpolicy.so,available,,84,13,,,
0abe7112-0b9a-4e21-8fc2-542839ae2c9a,publicpolicy.store,available,,84,13,,,
471c4ea1-814f-4f7a-92c4-36dd3a1490f0,publicpolicy.tech,premium,,84,13,,,
58e6a281-7d19-43b4-903a-b1a57ccd6848,publicpolicy.xyz,resell,,84,13,"CHENGDU WEST DIMENSION DIGITAL TECHNOLOGY CO., LTD.",04/11/2024 12:08,04/11/2025 23:59
e586e9c0-b217-4659-933c-dbcd57ff1d95,publicpolicy.zone,available,,84,13,,,
268fe90c-4c46-41cb-b398-fc6cef9638f3,legislation.ai,resell,64,80,11,101domain GRS Limited,16/12/2017 02:13,04/12/2025 02:13
bf3a9711-a697-4e21-9f2d-f5ff45240726,legislation.at,available,64,80,11,,,
c7dd99cf-3231-4b38-9324-df60b071ffb1,legislation.co,resell,64,80,11,Zhuimi Inc,17/06/2021 17:00,17/06/2026 17:00
c0eca4a0-d494-418b-a308-6baa0d33d1eb,legislation.dev,premium,64,80,11,,,
0f65b100-dd87-413f-8773-70099af54859,legislation.expert,available,64,80,11,,,
1520e35d-49ba-4811-8eda-333468825222,legislation.gg,available,64,80,11,,,
c6a42bec-7d3e-48ad-845b-c3fac2be3341,legislation.ninja,available,64,80,11,,,
39ecda93-967c-42b6-89b7-ab0334819d6c,legislation.online,expired,64,80,11,Ascio Technologies Inc. Danmark - filial af Ascio Technologies Inc. USA,31/05/2022 03:06,31/05/2025 23:59
283e8a08-6589-4ea7-badc-cc0b4a7cf80f,legislation.so,available,64,80,11,,,
c29cac0e-9bde-4779-84a4-d5741e4d9ec3,legislation.space,premium,64,80,11,,,
08d2a27b-56ac-4f10-b44c-02f69a32cc63,legislation.store,premium,64,80,11,,,
fb1afc95-69a0-416b-9427-bf4a63b4fd68,legislation.tech,expiring,64,80,11,West263 International Limited,27/07/2024 21:33,27/07/2025 23:59
48a2193e-2e59-46c7-b2c5-a7ff5ae59e16,legislation.us,resell,64,80,11,"Spaceship, Inc.",11/07/2013 19:05,10/07/2026 23:59
c0666be4-1ad1-4017-ad1f-833945490671,legislation.zone,available,64,80,11,,,
23d680e2-cf62-4173-8a63-2f73d49ef354,elections.at,available,44,44,9,,,
8a4b9f59-f4e6-48ab-ab99-4a5af3896120,elections.cloud,premium,44,44,9,,,
f2806f4a-2170-43f4-90ce-fa68ff2daa87,elections.co,expiring,44,44,9,"GoDaddy.com, LLC",20/07/2010 18:02,19/07/2025 23:59
01934ada-9d18-45b0-a1db-999ce063e83d,elections.dev,premium,44,44,9,,,
4ec9ac84-f338-4edc-81ac-92265778ffc6,elections.gg,available,44,44,9,,,
b12a704a-6e51-4d9b-8658-74a23528b97a,elections.it,resell,44,44,9,,02/12/2019 09:00,02/12/2025 00:00
2a033f4f-7cf9-4598-84f1-955f2d066396,elections.ninja,available,44,44,9,,,
daa0c398-6bfa-4013-acd1-10a9fbd49e4f,elections.online,premium,44,44,9,,,
f76b8f65-6950-4bd0-a7e6-e499da4097fb,elections.pro,resell,44,44,9,Epik LLC,20/12/2022 17:00,20/12/2025 17:00
2ee11238-840a-4523-a944-0472532ad8e1,elections.site,premium,44,44,9,,,
839b5869-f979-471c-8f68-aa954b04cc02,elections.space,premium,44,44,9,,,
5adabca4-97f6-4827-98d2-a889c8157abd,elections.store,premium,44,44,9,,,
2988e452-e7b2-4623-9657-55ac566c9aac,elections.tech,premium,44,44,9,,,
cc9b1d63-5e3d-4b45-8e01-5fc4f50cc124,elections.zone,available,44,44,9,,,
d93d0ff0-47d6-432a-9a12-29b17f8ce5d5,diplomacy.accountant,available,73,13,9,,,
f8fcf096-4f53-4433-b899-acda6b751c1a,diplomacy.accountants,available,73,13,9,,,
9828e1fa-87dd-4c36-abb2-757bd0f62baa,diplomacy.actor,available,73,13,9,,,
acb14bc9-0b6a-45b9-b877-91cb4b6114c0,diplomacy.adult,available,73,13,9,,,
c13de628-4998-4e3a-aaeb-aa7904f79b00,diplomacy.ag,available,73,13,9,,,
24b4e06f-f7d7-4ccd-a7ae-dd9f9813c6b5,diplomacy.ai,resell,73,13,9,"NameCheap, Inc.",07/05/2018 05:04,07/05/2026 05:04
1d854563-cc85-42ad-a47b-28f225be9b39,diplomacy.airforce,available,73,13,9,,,
33f441e3-12e1-4ccc-a13c-fbf32777aa32,diplomacy.apartments,available,73,13,9,,,
785ae648-d112-40ab-82d9-28a88087fc6b,diplomacy.archi,available,73,13,9,,,
30dcdf68-0534-4238-b875-96424499f915,diplomacy.army,available,73,13,9,,,
f89b6a1b-03cd-4467-b42d-7bffa7c9992c,diplomacy.art,premium,73,13,9,,,
71a31875-2ef6-4b66-a608-76c201be0a2e,diplomacy.asia,available,73,13,9,,,
7a238148-e7a2-452d-a973-d785e491e292,diplomacy.associates,available,73,13,9,,,
cfdb7e22-e501-44b4-beb6-2f3412afb4ee,diplomacy.at,available,73,13,9,,,
9c357549-602d-4753-84e4-bc3278640a09,diplomacy.attorney,available,73,13,9,,,
d0e6a647-581b-4092-a771-848d651da131,diplomacy.auction,available,73,13,9,,,
f28b845f-df89-4632-a18f-448ba27b2360,diplomacy.audio,available,73,13,9,,,
37b3657c-d158-413e-84a9-e57f7f9b2b58,diplomacy.auto,available,73,13,9,,,
c7befa9a-3dbb-4a2c-bc4a-4479dfc52d2a,diplomacy.autos,available,73,13,9,,,
6ea4db91-7fc0-4909-9ca0-39d3aa4a202e,diplomacy.baby,available,73,13,9,,,
b53256f0-73a0-4673-b53e-49f45b9313dd,diplomacy.band,available,73,13,9,,,
2e222b5f-6e39-4da3-a731-1085d43d405d,diplomacy.bargains,available,73,13,9,,,
2ce01b5a-6688-4d95-82b6-b453865e1278,diplomacy.bayern,available,73,13,9,,,
197a1002-e99e-4013-903b-90b3b1eb544c,diplomacy.beauty,available,73,13,9,,,
599a7cfd-2fff-444e-a889-ea1833d75a00,diplomacy.beer,available,73,13,9,,,
0c243160-bbf5-4116-9a10-457f1ae160c6,diplomacy.best,available,73,13,9,,,
f81595c0-e6c7-4afb-ab7d-db656d8a0a58,diplomacy.bet,available,73,13,9,,,
6177c744-34d1-490a-b2e6-5b1624905af4,diplomacy.bid,available,73,13,9,,,
3b66d3b1-7f9d-413c-bcd3-3d44075305cb,diplomacy.bike,available,73,13,9,,,
2d28f18f-ae84-4ab3-9854-97101852e539,diplomacy.bingo,available,73,13,9,,,
ec4bc670-486c-47d3-b65d-ebe1fb219221,diplomacy.bio,available,73,13,9,,,
a20d6471-182b-4e89-95e8-1f42cb1a3f6c,diplomacy.biz,premium,73,13,9,,,
4f5988c5-b040-4df0-9921-fc1c72c05b22,diplomacy.black,available,73,13,9,,,
d9e2b30d-77b2-44a3-acf0-faba6d5f0717,diplomacy.blackfriday,available,73,13,9,,,
4c29e416-fa23-4b75-a014-defbab71ab88,diplomacy.blue,available,73,13,9,,,
5e8a90b5-7147-46ac-aca7-069f2948311f,diplomacy.boats,available,73,13,9,,,
77b447ff-3e94-4810-9e35-cbae786db632,diplomacy.bond,available,73,13,9,,,
daabf759-704b-4f04-b275-b9c11f435a26,diplomacy.boston,available,73,13,9,,,
8c26e4cc-35ba-4e46-8ef5-2c31280fd7ff,diplomacy.bot,available,73,13,9,,,
b0f3c8bb-9ec5-4395-854b-48d8820eb968,diplomacy.boutique,available,73,13,9,,,
8c71c3b3-9ba4-4732-8dcd-8eefc1a59d7d,diplomacy.build,available,73,13,9,,,
87d53be2-c901-4f8c-a649-433ef1fae8dc,diplomacy.buzz,premium,73,13,9,,,
265b1e52-d1e0-4d88-a62f-3e94011d808c,diplomacy.bz,available,73,13,9,,,
d4ad7f96-ff93-45a3-8b0b-fd24144035ab,diplomacy.ca,resell,73,13,9,WHC Online Solutions Inc.,21/04/2021 19:00,21/04/2026 19:00
8c88947b-df2f-4d40-891c-8352c5ffd3f3,diplomacy.cab,available,73,13,9,,,
d5cfa00a-474f-4558-a8e9-bd9d72d3046c,diplomacy.cafe,available,73,13,9,,,
d6f0149c-91d8-4f73-9b85-393eceaded2b,diplomacy.cam,available,73,13,9,,,
43d07337-9c7a-46fc-a11b-6013eeef7a12,diplomacy.camera,available,73,13,9,,,
97eaf6cb-22fc-4980-99f5-09942ede7e9a,diplomacy.camp,available,73,13,9,,,
7f12c41e-d5f4-48fe-b510-f35a8002daa3,diplomacy.capital,available,73,13,9,,,
7ed86140-a986-4d06-afd8-d04b451092de,diplomacy.car,available,73,13,9,,,
bafc96fd-f630-4b40-ba52-945e943d6d31,diplomacy.cards,available,73,13,9,,,
a468f503-515a-4df5-904b-74044d94b0c5,diplomacy.care,available,73,13,9,,,
29680952-0c5f-41a5-9de8-c2a82e63a906,diplomacy.careers,premium,73,13,9,,,
156a94a3-99f6-473d-86e0-18320f105051,diplomacy.cars,available,73,13,9,,,
9e64915e-839e-453d-9b8a-0fc4f9f0479e,diplomacy.casa,available,73,13,9,,,
d708f51d-fad3-405e-9a44-8a1d50127917,diplomacy.cash,available,73,13,9,,,
b611b039-5615-409d-80f9-58b8dae4d24f,diplomacy.casino,available,73,13,9,,,
d157f54f-fa3e-4e44-aa4c-5999e1f21333,diplomacy.catering,available,73,13,9,,,
003290a7-2e87-4409-bd30-62cbc4c346ce,diplomacy.ceo,available,73,13,9,,,
6a1e6194-196d-418d-8b49-7e8184fc8e28,diplomacy.cfd,available,73,13,9,,,
94cd9c45-be76-4b49-a318-fd13f498ffb7,diplomacy.charity,available,73,13,9,,,
3e0899a7-a406-47f9-be12-32f6a669e032,diplomacy.chat,premium,73,13,9,,,
7219e5ff-ae2d-48ae-9175-e2f1b7ffcf0c,diplomacy.cheap,available,73,13,9,,,
bf8dbdfe-d9fb-4869-b243-5147637aa7da,diplomacy.christmas,available,73,13,9,,,
21229fa4-308a-4318-838b-80f2a914495e,diplomacy.church,available,73,13,9,,,
3e4dc078-80f6-40b7-ad27-2cb892f41acc,diplomacy.claims,available,73,13,9,,,
5ce179b5-3bef-4e93-a423-0755ff2cb5de,diplomacy.cleaning,available,73,13,9,,,
abb36ac6-d11c-4720-87d8-3fab3089d6f6,diplomacy.click,available,73,13,9,,,
079c3db3-1a23-4419-a176-e88894fb104a,diplomacy.clinic,available,73,13,9,,,
21420dd6-1378-43d6-bac5-9bed3be61466,diplomacy.clothing,available,73,13,9,,,
9e245d10-9c63-4baa-8fc0-bdb9d300160a,diplomacy.cloud,premium,73,13,9,,,
af003538-ba66-441e-bb57-b37d922c6bf4,diplomacy.coach,available,73,13,9,,,
99ba9ce5-6f50-4a27-ba91-7470825fda0e,diplomacy.codes,available,73,13,9,,,
7aa31741-f91a-475d-b5ac-f0a58b05a78e,diplomacy.coffee,available,73,13,9,,,
b084dc5c-1ff8-4591-aa54-044f71648d75,diplomacy.community,available,73,13,9,,,
417bd8bc-0de4-497c-92ee-f6f9ae9c1127,diplomacy.company,available,73,13,9,,,
a81afa89-31ed-4a87-85a7-5d32586d0b84,diplomacy.computer,available,73,13,9,,,
b7fb7415-031b-4b2d-9e58-5ae0f54d21cd,diplomacy.condos,available,73,13,9,,,
5a85a8c1-5791-476b-961c-6dab88adbbda,diplomacy.construction,available,73,13,9,,,
d19e2f4d-4494-415b-b15e-22f75d157f3c,diplomacy.contact,available,73,13,9,,,
abc85010-dbd5-4b5a-bfce-80c3a45694f9,diplomacy.contractors,available,73,13,9,,,
c459ed52-b3b0-4d7d-ae9b-584d34fe54a3,diplomacy.cooking,available,73,13,9,,,
dd8fa287-a9ec-481e-8f01-16a3850dd91d,diplomacy.cool,available,73,13,9,,,
b8c139c8-c656-4960-a2ad-3c4d01d1e835,diplomacy.country,available,73,13,9,,,
0ef9de5e-8b17-46af-8253-3d6d416aca32,diplomacy.coupons,available,73,13,9,,,
f6c8f54c-4098-48ed-bc09-4814ce3fda0c,diplomacy.courses,premium,73,13,9,,,
94932fa5-df49-4ab1-b14d-90cb8b1ed288,diplomacy.credit,available,73,13,9,,,
20378633-0fa2-4e5e-b825-3c4635f9011e,diplomacy.creditcard,available,73,13,9,,,
597d2d16-0cd8-40ab-87a7-35953a50d645,diplomacy.cricket,available,73,13,9,,,
81f98e1a-7569-4614-ab7a-30659460a5a9,diplomacy.cruises,available,73,13,9,,,
2e0a994b-0811-4368-b740-130dcfec918b,diplomacy.cv,available,73,13,9,,,
656a243f-048f-4da3-a804-3ea82802c2e3,diplomacy.cx,available,73,13,9,,,
2e757d47-89fc-429a-821d-8ecefb7dd26e,diplomacy.cyou,available,73,13,9,,,
addf488b-72e9-43ff-9f3a-0b2f43f9d326,diplomacy.dad,available,73,13,9,,,
77c9465a-8fb5-4880-bac6-8009bf16d244,diplomacy.dance,available,73,13,9,,,
704d652e-d9ff-4af5-ab92-8bd75b672e82,diplomacy.date,premium,73,13,9,,,
38ae25b2-f048-4789-a7ae-13ec34f720f9,diplomacy.dating,available,73,13,9,,,
6f958110-323f-440a-be77-d2146a455fe3,diplomacy.deal,available,73,13,9,,,
209a27f1-2145-410f-abab-d3ed004c5c72,diplomacy.dealer,premium,73,13,9,,,
c6d9122d-740e-4336-866c-b61eec748e6f,diplomacy.deals,available,73,13,9,,,
caa73077-c49b-40c5-b07b-af6d6c80d6d2,diplomacy.degree,available,73,13,9,,,
cb1ecb2e-7cde-4d8f-acba-f3f1ba5f092a,diplomacy.delivery,available,73,13,9,,,
532cb124-0638-45b0-bf30-982fa28f0613,diplomacy.democrat,available,73,13,9,,,
28725eff-8038-4b08-9e46-77a0b9527733,diplomacy.dental,available,73,13,9,,,
d747dc2e-cc53-4a7a-9567-988c8e88d650,diplomacy.dentist,available,73,13,9,,,
6e644c63-a922-46f7-bfe9-6f4603f1269c,diplomacy.design,available,73,13,9,,,
5d03aec5-fbf2-4080-a373-2b8e5b3de01a,diplomacy.diamonds,available,73,13,9,,,
ad3a6248-938e-4f3b-91a9-c103607b589e,diplomacy.diet,available,73,13,9,,,
866ae118-6cf5-4e55-a955-62b3674900a3,diplomacy.direct,available,73,13,9,,,
c77809ed-e6e4-420b-8443-b73c4672e876,diplomacy.directory,available,73,13,9,,,
c56af630-8611-4784-a16f-3ca2274d07d3,diplomacy.discount,available,73,13,9,,,
b60bddb1-c2c8-47b2-8356-af9b86e52c91,diplomacy.diy,available,73,13,9,,,
2bdda1b1-8a7e-4491-9f69-852b92726f2c,diplomacy.doctor,available,73,13,9,,,
f8a5d6da-b260-440a-b919-e6d9f6228049,diplomacy.dog,available,73,13,9,,,
9e5b0b5b-8d7b-43e6-9b34-f53db8a9412b,diplomacy.domains,available,73,13,9,,,
4a9f336c-37b2-4733-b249-5441d101ecb0,diplomacy.download,available,73,13,9,,,
eb7940d0-95de-4fd3-8665-bfe2461527d5,diplomacy.education,available,73,13,9,,,
0ef71377-139d-4551-8f29-acbee53ea0b3,diplomacy.email,available,73,13,9,,,
27e04bcc-fcaf-48f4-a45e-856ee9500028,diplomacy.energy,available,73,13,9,,,
5772fb08-71f5-4270-8f2f-63256dd4fcb9,diplomacy.engineer,available,73,13,9,,,
bf48f5bd-5003-4a4c-9bcd-e71ae837b94e,diplomacy.engineering,available,73,13,9,,,
0b55510e-3e1c-4224-b498-23075b973a54,diplomacy.enterprises,available,73,13,9,,,
19390bba-f8ca-4d41-80e2-23482e668d68,diplomacy.equipment,available,73,13,9,,,
c12957d8-4fd8-4d35-bc6f-a25fbaf0c931,diplomacy.esq,available,73,13,9,,,
2b75714d-bb2b-4a79-97c8-887fe10cde38,diplomacy.estate,available,73,13,9,,,
3a85bed1-6f0b-491d-9abb-4941d7738637,diplomacy.events,available,73,13,9,,,
47befc54-7b19-4459-8a5a-f6b5ab2f681a,diplomacy.exchange,available,73,13,9,,,
f4abb058-2bcf-4907-b86b-dd08d9ddf08b,diplomacy.expert,available,73,13,9,,,
c6837092-ae03-4d86-8528-81e49b43e7e3,diplomacy.exposed,available,73,13,9,,,
49eeb547-a38c-451c-96d7-033abccf53e2,diplomacy.express,available,73,13,9,,,
a431be99-758b-432d-baef-a8fb2de05d58,diplomacy.fail,premium,73,13,9,,,
da6b8ee7-5656-412b-a4a2-9453ae10b8bf,diplomacy.faith,premium,73,13,9,,,
6b8cc3d3-723d-48fb-bf4b-c6f9bc8200be,diplomacy.family,available,73,13,9,,,
7343cd3d-14d7-4739-94c9-859b9c3aca74,diplomacy.fan,available,73,13,9,,,
c99c1cc3-5de0-4f86-88d6-ff262ba15dfb,diplomacy.fans,premium,73,13,9,,,
b787b657-a0d2-4fcf-abd4-f20f81a82231,diplomacy.farm,available,73,13,9,,,
1e68f61a-24c3-4394-94a0-524813f7aba1,diplomacy.fashion,available,73,13,9,,,
9d157d39-6355-44ce-87e1-276c9eae9a3f,diplomacy.fast,available,73,13,9,,,
df2bc30f-0bed-48e3-97f4-179ba7005a21,diplomacy.feedback,available,73,13,9,,,
c40aa3f2-0103-4653-a2ad-9c3f7bdeb4c8,diplomacy.film,available,73,13,9,,,
beae63af-1742-474a-b60b-2b3462385f6d,diplomacy.finance,available,73,13,9,,,
d40a011a-908f-44bb-a8c2-8b954d855ca5,diplomacy.financial,available,73,13,9,,,
5dcefb2b-8089-4a8e-8da6-524812a5956a,diplomacy.fish,available,73,13,9,,,
6c075082-3634-41d2-b83a-affdc8cd1350,diplomacy.fishing,available,73,13,9,,,
6cbe0eac-b04f-47e9-9e25-f01b9b1eb74f,diplomacy.fit,available,73,13,9,,,
e7b42144-89be-4c13-a0b4-941a258d2985,diplomacy.fitness,available,73,13,9,,,
31b2fd4c-b1f3-42d6-b7c1-f5b5c78e2edd,diplomacy.flights,available,73,13,9,,,
257d5863-156c-4713-8a88-000e4e2298fc,diplomacy.florist,available,73,13,9,,,
ae250da1-b500-4c85-b77f-4972c70681f2,diplomacy.flowers,available,73,13,9,,,
fa4640a8-d0a6-426b-8b1b-f2a222db705b,diplomacy.fm,available,73,13,9,,,
ffbfe418-e5e0-4e07-8724-bc6ef1bd585d,diplomacy.foo,available,73,13,9,,,
06a5fd3b-72e9-49d6-b718-8d970770b30d,diplomacy.food,available,73,13,9,,,
9983aff9-bd23-4f01-8a51-f44d4b69e125,diplomacy.football,available,73,13,9,,,
29e538ad-839b-443a-a5f9-54afe1ece42f,diplomacy.forsale,available,73,13,9,,,
60e6b2a0-05ad-49d7-b0aa-219e1ab3b018,diplomacy.forum,available,73,13,9,,,
c7f0c3da-7ee8-470d-a31d-a37af0433038,diplomacy.foundation,available,73,13,9,,,
0e4a6aa3-bc65-480b-b58a-e2ad98447919,diplomacy.free,available,73,13,9,,,
8dd1b319-1e99-4062-9be6-9fcb47ee0939,diplomacy.furniture,available,73,13,9,,,
d64a205d-01ed-46f1-b045-8c9cf94d8fc2,diplomacy.futbol,available,73,13,9,,,
5b607894-11d5-4c1d-99cb-4f81e7bdf018,diplomacy.fyi,premium,73,13,9,,,
066425b0-1d58-4eb8-89a4-2f2b78961afb,diplomacy.gallery,available,73,13,9,,,
b7a01c0e-5296-45b8-8526-87bd2ddf13d9,diplomacy.game,premium,73,13,9,,,
d1490d05-c475-4ab8-a4d8-7273af8ae223,diplomacy.garden,available,73,13,9,,,
f1434f92-8e4d-42cc-b9ee-f8184c5eeb65,diplomacy.gay,available,73,13,9,,,
d8cb0638-34ec-4577-94ca-ae4bada1b65c,diplomacy.gift,available,73,13,9,,,
22fc87fe-1aeb-45b5-9d61-3871a6cfc1ea,diplomacy.gifts,available,73,13,9,,,
c8e26d71-b16b-4bfc-9b67-b6a0606800de,diplomacy.gives,available,73,13,9,,,
36614529-769f-47bc-9ddb-1f2d04214e43,diplomacy.giving,available,73,13,9,,,
f490e29c-93ac-49f6-875d-a64092b9ddc2,diplomacy.glass,available,73,13,9,,,
41a33e28-b3ac-4ea3-b338-aa009e061465,diplomacy.gmbh,available,73,13,9,,,
d60ed193-0808-4395-9938-4e4ca848b20f,diplomacy.gold,available,73,13,9,,,
d2ae7351-e680-452d-92f8-a82c17fa2dcb,diplomacy.golf,available,73,13,9,,,
68d50596-ae93-4fc5-bdcb-ad09c2e038b8,diplomacy.graphics,available,73,13,9,,,
fdc11117-6207-4566-82ca-c08972803117,diplomacy.gratis,available,73,13,9,,,
a3578a50-556f-4b76-a0af-777ce55e93b3,diplomacy.green,available,73,13,9,,,
1bdf9598-f8fd-4f4e-860a-94265fcb9389,diplomacy.gripe,premium,73,13,9,,,
e5917a82-7912-4abb-a9e9-f29d5bd2ac21,diplomacy.guide,available,73,13,9,,,
d79e2592-058b-4a5e-a1df-de27fc628dd9,diplomacy.guitars,available,73,13,9,,,
7c0f0040-73e5-412b-a352-c29d6b1bea60,diplomacy.guru,available,73,13,9,,,
d0f8443c-e361-4ea8-a7a0-09450bf70d34,diplomacy.hair,available,73,13,9,,,
1ef9511a-ce3a-4f4c-b23b-ba5d14bab098,diplomacy.haus,available,73,13,9,,,
f1b88082-103e-4c47-b945-32ae1e2ae6ba,diplomacy.healthcare,available,73,13,9,,,
7e9303cf-0908-404e-b3d3-3bb657367f77,diplomacy.help,available,73,13,9,,,
385950aa-66b0-4f6e-88fe-3939ec914fb5,diplomacy.hiphop,available,73,13,9,,,
d4c28bcf-b416-4f6c-8efb-1e16313964e9,diplomacy.hiv,available,73,13,9,,,
da80e95d-8235-4e15-9154-0a28f628e249,diplomacy.hockey,available,73,13,9,,,
264ce94d-4129-4c5b-bcf3-143abd381361,diplomacy.holdings,available,73,13,9,,,
7fe7a84d-d663-4526-a156-e4c289e65c21,diplomacy.holiday,available,73,13,9,,,
f3de52e2-c0b5-4cce-8789-425c7335f485,diplomacy.homes,available,73,13,9,,,
0d106b3f-52ae-42c7-b9c9-a3a399bc3bf2,diplomacy.horse,available,73,13,9,,,
46e9f01f-db25-4232-8ff6-1e7fd3f9816c,diplomacy.hospital,available,73,13,9,,,
a4fe7f5a-5bc2-42fb-b52c-37cb30a055a3,diplomacy.host,available,73,13,9,,,
384c2f40-92e7-48e1-8baf-06c7e14cb071,diplomacy.hosting,available,73,13,9,,,
06f619aa-2f40-436f-92bd-991146b3a17f,diplomacy.hot,available,73,13,9,,,
a01095fd-fef3-4d62-b7d7-3b5e9e8c5248,diplomacy.house,available,73,13,9,,,
702282a2-899d-4c35-812a-f174e3c17fef,diplomacy.how,available,73,13,9,,,
8a0b7744-6811-4726-ba51-119778cbc625,diplomacy.icu,available,73,13,9,,,
5a81b83b-6862-4bbf-8ee7-7d9e02ff6266,diplomacy.im,available,73,13,9,,,
08cd7561-b06f-47ea-a217-d057cbfa99b8,diplomacy.immo,available,73,13,9,,,
778821c6-3365-46fd-91bf-0953cebacda3,diplomacy.immobilien,available,73,13,9,,,
ba4b0005-cfbe-4dcc-adfe-a3671bece65e,diplomacy.in,expiring,73,13,9,GoDaddy,19/12/2006 11:13,19/12/2025 11:13
0178c9a8-ae97-4867-89cf-d1b55391c9df,diplomacy.inc,premium,73,13,9,,,
274b5613-b475-42c7-9fc7-5c375550069a,diplomacy.industries,available,73,13,9,,,
8d652b28-a439-4325-80fa-cbdc299f6626,diplomacy.ing,available,73,13,9,,,
aeceeaa7-69b6-44cd-84c5-1592e38272ab,diplomacy.ink,available,73,13,9,,,
350fa9e0-a354-42bc-868b-6c544731cf63,diplomacy.insure,available,73,13,9,,,
ab59ecdd-2a17-49b0-9321-9ced0ff287ff,diplomacy.investments,available,73,13,9,,,
9c2848bd-91ec-4ca4-8fdd-a22565248409,diplomacy.irish,available,73,13,9,,,
547312f5-3e4d-4fa4-b0f6-59df7000cea4,diplomacy.jetzt,available,73,13,9,,,
838bbca1-7c9f-40e6-8de8-84d379a59897,diplomacy.jewelry,available,73,13,9,,,
b2988f2f-3d53-4075-b05a-7f47cac5b3f3,diplomacy.juegos,available,73,13,9,,,
d416f4b9-93f5-4e22-b8d7-b8e84b03951f,diplomacy.kaufen,available,73,13,9,,,
4a0c2e39-5c24-4df0-9a58-b8117a060a84,diplomacy.kids,premium,73,13,9,,,
805f135d-3da8-4844-8009-7eddd326056d,diplomacy.kim,available,73,13,9,,,
a110ffb6-4b0a-4ea1-8d7e-3841ea92843d,diplomacy.kitchen,available,73,13,9,,,
3aac888d-feef-45cc-b9b1-821a760ffa3e,diplomacy.land,available,73,13,9,,,
80497f20-81fb-4ac8-8302-7c88d822adba,diplomacy.lat,available,73,13,9,,,
706ea353-8bc0-4e87-a2c9-c2d7a44fab79,diplomacy.law,available,73,13,9,,,
1b935aef-86de-4c4b-a66e-6f8b3cb30829,diplomacy.lawyer,available,73,13,9,,,
5179882a-9f67-417e-8125-aac2af055b7b,diplomacy.lease,available,73,13,9,,,
4c3a7d30-3d87-4f39-aee7-80763f493a60,diplomacy.legal,available,73,13,9,,,
0a38e053-0a4a-4947-b361-217e0719a8b1,diplomacy.lgbt,available,73,13,9,,,
a7810819-4568-4447-bf42-678a3dd4a48e,diplomacy.lifestyle,available,73,13,9,,,
5b25c619-b94a-4b1a-ba62-afba09d32c08,diplomacy.lighting,available,73,13,9,,,
571672cf-8ce0-4040-aebd-4df4ef8bb040,diplomacy.limited,available,73,13,9,,,
242879fd-b5eb-430f-9e5c-fc992c52325a,diplomacy.limo,available,73,13,9,,,
2a538d5f-e9c2-44f5-b511-7a9abe65aac9,diplomacy.link,premium,73,13,9,,,
e0ea38f8-098c-4dd1-8dde-6fb25a19a420,diplomacy.living,available,73,13,9,,,
4204fe79-c685-4da7-bf4c-1fb7127705cc,diplomacy.llc,available,73,13,9,,,
c8544d81-18eb-4c0d-9199-45978653f2cf,diplomacy.loan,available,73,13,9,,,
726f08bc-ef2f-4f86-b841-116f97a4aa73,diplomacy.loans,available,73,13,9,,,
56368092-7277-40ae-b557-8c479e0cd259,diplomacy.locker,available,73,13,9,,,
d5b555c3-38da-44b8-b45b-592589c4a6ee,diplomacy.love,available,73,13,9,,,
741e0c9e-7d2f-42cf-9bf2-e47e4028e265,diplomacy.ltd,available,73,13,9,,,
c5b81808-7de6-4842-9865-4fb835781a34,diplomacy.ltda,premium,73,13,9,,,
63499fe5-f429-47d1-ac6b-ace10c39f453,diplomacy.luxe,available,73,13,9,,,
91ecef1e-b496-40d2-bdca-a7bda5ef602b,diplomacy.luxury,available,73,13,9,,,
4750f187-c867-44c3-9c1f-96e98a357bf5,diplomacy.maison,available,73,13,9,,,
d44db816-7b25-47dd-9e09-5a97679a790f,diplomacy.makeup,available,73,13,9,,,
a370605a-baa4-4136-9e5e-75e80ac9a6ef,diplomacy.management,available,73,13,9,,,
c7da19c9-231a-436e-8942-db6647e8c54f,diplomacy.market,available,73,13,9,,,
c9c17f4a-0d33-4646-8a51-279ef5444e8c,diplomacy.marketing,available,73,13,9,,,
4ff760a2-884c-4b5e-aace-a1f7fc9a4908,diplomacy.mba,available,73,13,9,,,
a876b11c-35e3-43ad-b566-34ec34c30023,diplomacy.me,expiring,73,13,9,Dynadot Inc,28/12/2018 01:08,28/12/2025 01:08
dea1fd9e-baf4-4149-a4ca-651582aa97a3,diplomacy.media,available,73,13,9,,,
c8aea222-4c20-480c-9697-0288a8e17bc6,diplomacy.melbourne,available,73,13,9,,,
1d9a5d14-0143-4477-a13f-ffff6fc6cdd0,diplomacy.meme,available,73,13,9,,,
f35a5ffd-01da-4bc3-b4c1-66eee5cd7a84,diplomacy.memorial,available,73,13,9,,,
a538bde9-17cd-4ae8-9d2f-2a0035d035df,diplomacy.men,available,73,13,9,,,
2fec0eb5-b06e-47cf-b621-cd6f64c46ffb,diplomacy.menu,available,73,13,9,,,
c14b1b1e-14db-4227-813b-719e653dce41,diplomacy.miami,available,73,13,9,,,
468305a6-a476-4d00-81a8-027752cf6704,diplomacy.mobi,available,73,13,9,,,
fe4419c2-4e50-464e-afb4-0d9af1deff26,diplomacy.moda,available,73,13,9,,,
efe9edfa-6340-4a48-a1f1-8baaa25955a4,diplomacy.mom,available,73,13,9,,,
69805da4-174f-4703-8787-721d32e9e6a3,diplomacy.money,premium,73,13,9,,,
4e5be1e5-108f-437f-a23a-01dcb27553b2,diplomacy.monster,available,73,13,9,,,
cd331bb9-03a3-4843-9372-a3e9a6d2783d,diplomacy.mortgage,available,73,13,9,,,
3f8cdd86-35ed-49a1-ae3b-31ba09e9c31f,diplomacy.motorcycles,available,73,13,9,,,
46747839-b79b-4cce-b84b-199f261796a1,diplomacy.mov,available,73,13,9,,,
e5a23411-4ebc-47e4-a0cb-496191efa53a,diplomacy.movie,available,73,13,9,,,
46b4b489-5926-4b6d-aaf4-19dfbca03a88,diplomacy.music,available,73,13,9,,,
2696a1f1-6b2b-4687-bde6-21de98b465b2,diplomacy.mx,available,73,13,9,,,
999ed9fa-3692-46c3-9a35-dfd837fae970,diplomacy.my,available,73,13,9,,,
95ced6ea-87a1-4d96-bcfa-d000fa13b524,diplomacy.name,available,73,13,9,,,
708315cd-70de-491f-9a2f-bb80faec12bd,diplomacy.navy,available,73,13,9,,,
92c0a1c3-cc84-4b4a-a244-7727152917d3,diplomacy.nexus,available,73,13,9,,,
8e5d860a-9ea4-449f-ba48-0e970bb9ac5c,diplomacy.ngo,available,73,13,9,,,
265c4074-a050-47f1-991f-738f4b7816a7,diplomacy.ninja,available,73,13,9,,,
259c3a1b-8547-4838-8a02-2f3e9e256cf3,diplomacy.nyc,available,73,13,9,,,
92186b51-ed82-4cbe-97e4-01570a230fec,diplomacy.ong,available,73,13,9,,,
1a59fe3c-7658-4042-916a-aa532b723024,diplomacy.onl,available,73,13,9,,,
195e00a2-627b-4b75-9e1e-2d1c3a0ba4f9,diplomacy.ooo,available,73,13,9,,,
1709ce89-1590-4474-98fa-cc0c21dec7d4,diplomacy.organic,available,73,13,9,,,
e2385e2c-5b8e-4610-9ad4-85e79af00c8f,diplomacy.osaka,available,73,13,9,,,
f6c8448e-5c9e-4fa9-9a8f-bf54581fd3ff,diplomacy.partners,available,73,13,9,,,
b812e360-8b1a-41ab-9051-c1058dc1baa4,diplomacy.parts,available,73,13,9,,,
8a568548-df7d-4908-8d75-5fe49b5ce67c,diplomacy.party,premium,73,13,9,,,
9e0defac-3585-41da-827a-1178b05169e6,diplomacy.pet,available,73,13,9,,,
809d273d-6127-47d0-82ee-d87c2565a316,diplomacy.photo,available,73,13,9,,,
1d9fc56c-f9f7-4083-b230-e91ce859579e,diplomacy.photography,available,73,13,9,,,
de992525-a8d8-4a72-8fbd-fd01dcabef9b,diplomacy.photos,available,73,13,9,,,
88dd19c1-c5c8-4095-86aa-a0541e7090e5,diplomacy.pics,available,73,13,9,,,
bce1d03c-2b1c-4a70-af27-0cb20d9bb9c1,diplomacy.pictures,available,73,13,9,,,
7b178667-2bf9-4149-b568-f142959bf16a,diplomacy.pink,available,73,13,9,,,
0cf87707-86da-4bbe-96e4-f41494bf34bf,diplomacy.pizza,available,73,13,9,,,
e246a421-c585-4881-bddc-a499c786749f,diplomacy.place,available,73,13,9,,,
b053ca58-600b-450e-822b-c66b180c763c,diplomacy.plumbing,available,73,13,9,,,
d9f957a7-8ad6-4939-86fc-59390ed4284a,diplomacy.plus,available,73,13,9,,,
65662b68-1e41-4414-9a92-6c25bcba188a,diplomacy.poker,available,73,13,9,,,
0e073f57-22b1-4145-9664-c5270393ec7d,diplomacy.porn,available,73,13,9,,,
d7ca1ac8-d41b-468a-8ab4-2c27896196d6,diplomacy.press,available,73,13,9,,,
e0494e0e-91f7-4ce6-817f-af4c8fb1bf8b,diplomacy.pro,sold,73,13,9,Epik LLC,27/05/2023 17:00,27/05/2026 17:00
0fa017c7-310c-4955-a51e-a7fb7fc658e7,diplomacy.productions,available,73,13,9,,,
d0959588-1261-4d30-a6bf-762206703f36,diplomacy.prof,available,73,13,9,,,
8fe90291-b579-422a-b53b-91334beda3a6,diplomacy.promo,available,73,13,9,,,
8c4e78bf-242e-4dc7-9cac-5f928a1da454,diplomacy.properties,available,73,13,9,,,
d3902058-5c3a-4567-9d3e-acd5c1d60ab0,diplomacy.property,premium,73,13,9,,,
701d90b0-07a9-45af-9133-7910aa8cc7cc,diplomacy.protection,available,73,13,9,,,
4275e9c0-143f-44cd-8b9e-7ff0f5348f0a,diplomacy.pub,available,73,13,9,,,
29a4fa29-a13c-4143-a79d-189cdf8eff4c,diplomacy.pw,available,73,13,9,,,
1b692c70-5997-48b4-ae19-1a2f3615aca4,diplomacy.qpon,available,73,13,9,,,
a3847578-75a4-45d1-8a0b-98477a3e4fdf,diplomacy.racing,available,73,13,9,,,
724f727f-041d-46ba-9efe-8f18dedb1efd,diplomacy.realty,available,73,13,9,,,
96b3ed44-d210-42f7-8c75-9cb90db8fb1b,diplomacy.recipes,available,73,13,9,,,
a8224225-e749-4d13-8b72-dcddee4a50bd,diplomacy.red,available,73,13,9,,,
143bf089-43fd-40ac-8af6-466be29b66cd,diplomacy.rehab,available,73,13,9,,,
c1114e1f-7083-48eb-b64f-1f0437b67f07,diplomacy.reise,available,73,13,9,,,
e08c635d-d9b4-4e54-9f13-5cec95b6a17f,diplomacy.reisen,available,73,13,9,,,
7f7c68d8-0374-4f29-890b-c8b6939f998a,diplomacy.rent,available,73,13,9,,,
0eee2646-e9e2-4d78-bac4-d2f59338221b,diplomacy.rentals,available,73,13,9,,,
721e0992-7af4-492b-8813-eb275b927ec4,diplomacy.repair,available,73,13,9,,,
26e8b08f-77a1-4495-8cf5-cc314ca5924d,diplomacy.republican,available,73,13,9,,,
ea974f30-7363-4557-bf3f-cabd5a4eea44,diplomacy.rest,available,73,13,9,,,
a029e3e1-b80c-428d-b295-ba05305d590a,diplomacy.restaurant,available,73,13,9,,,
3da78335-d700-4745-8a18-705a26570139,diplomacy.review,premium,73,13,9,,,
7d4884c8-f58b-43dd-9035-4b4d50fb7819,diplomacy.reviews,available,73,13,9,,,
1aa5ddcb-edfa-437a-b467-213db3df3e0c,diplomacy.rich,available,73,13,9,,,
b45785d8-3990-45a8-a7f4-d126a3a85adf,diplomacy.rip,available,73,13,9,,,
a3d24b0c-915b-47f8-8878-7198e4ed4a68,diplomacy.rocks,available,73,13,9,,,
2386dfdb-3c66-4c21-b7fe-948dc9ccc934,diplomacy.rodeo,available,73,13,9,,,
059f8048-0bed-4046-965e-74f588076356,diplomacy.rsvp,available,73,13,9,,,
6f9666f1-0134-464f-8fe1-9516c70674c2,diplomacy.run,available,73,13,9,,,
9a658698-b11e-488f-bb25-448bfc60c5ad,diplomacy.sale,available,73,13,9,,,
b807cd68-5064-464c-8662-33d19ef86fc0,diplomacy.salon,available,73,13,9,,,
4b62c7bb-ddf4-4814-a7d5-a5374f03700f,diplomacy.sarl,available,73,13,9,,,
4e9debd5-323a-4928-8027-9d53cd6f8a80,diplomacy.sbs,available,73,13,9,,,
11fde016-74a9-42be-b5ed-1af1eb20729f,diplomacy.school,available,73,13,9,,,
05ab5b76-8bb9-4a29-87b9-7970d2ed80c3,diplomacy.schule,available,73,13,9,,,
3c5676fe-bc7d-4662-94c4-ab2d556ec58d,diplomacy.science,premium,73,13,9,,,
e4ccf18f-af85-4106-88ca-2e4fede44297,diplomacy.security,available,73,13,9,,,
16cbdd34-73d2-46a4-a03d-6bf573ae9269,diplomacy.services,available,73,13,9,,,
d9718565-2ec0-405d-8895-75f0fe0f62b2,diplomacy.sexy,available,73,13,9,,,
efda5414-ae8c-46a4-9b92-43308f979dcb,diplomacy.sh,available,73,13,9,,,
de2ce384-359f-44ee-b516-346833944fc2,diplomacy.shiksha,available,73,13,9,,,
4f2a62c3-8781-42c4-a733-6994dac13c12,diplomacy.shoes,available,73,13,9,,,
6096f803-960f-4176-98b8-3e12ed349674,diplomacy.shopping,available,73,13,9,,,
f90a33c8-0259-4450-83e6-a9b7ea13f001,diplomacy.show,available,73,13,9,,,
51cc263e-7e2e-44e1-b062-0fb99ea42a91,diplomacy.singles,available,73,13,9,,,
4b085c97-3e09-4af2-8e8d-d925a3487067,diplomacy.site,resell,73,13,9,"GMO Internet Group, Inc. d/b/a Onamae.com	",06/05/2025 12:46,06/05/2026 23:59
693b5125-a6a1-4338-8c63-fdefa2e68409,diplomacy.ski,available,73,13,9,,,
2dca291d-fb13-42a1-9b14-1c749d55f1e1,diplomacy.skin,available,73,13,9,,,
57a79366-e184-47f8-bca7-bc8351eb55a4,diplomacy.so,available,73,13,9,,,
e2ab0a5c-ec99-4d9b-a8d6-e40632edb8b1,diplomacy.soccer,available,73,13,9,,,
ef2c889c-f954-4a9a-8d5a-e6328f15b0a3,diplomacy.social,available,73,13,9,,,
32c4886f-e1e2-4622-8ee6-e057a6d96921,diplomacy.software,available,73,13,9,,,
a5fba9a2-81a9-40a6-bb75-cdc50e5d5faf,diplomacy.solar,available,73,13,9,,,
22beaa16-94df-427c-a477-255d9acc26a3,diplomacy.solutions,available,73,13,9,,,
aae9c260-aa2e-47cb-abff-3b203d603f2c,diplomacy.soy,available,73,13,9,,,
93e67f9f-1024-4f26-a690-e3c75f469ecc,diplomacy.space,premium,73,13,9,,,
69157903-15df-4aae-8841-f9d24c488a2d,diplomacy.spot,available,73,13,9,,,
8fcb3d1e-9f2e-4eed-8533-4c9d84245623,diplomacy.srl,available,73,13,9,,,
1b7be5d1-1016-45ba-99aa-7291d431626f,diplomacy.storage,available,73,13,9,,,
23323114-f323-40de-9a98-1d2c62cbf2ad,diplomacy.store,resell,73,13,9,"Go Daddy, LLC",09/03/2025 19:41,09/03/2026 23:59
c9448f3c-c057-4ea3-9afd-cb54d087f6cf,diplomacy.stream,available,73,13,9,,,
d553cc39-43bf-4586-af30-1073f109832e,diplomacy.study,premium,73,13,9,,,
4308442a-4ebe-4423-b541-1c4a30904c5b,diplomacy.style,available,73,13,9,,,
aff8eb1d-be35-443b-a74e-6d28cb33ec3b,diplomacy.sucks,available,73,13,9,,,
44fc3a97-e24b-47b1-9d2d-345527c7be30,diplomacy.supplies,available,73,13,9,,,
8a23dc46-0033-451f-aaa1-34daeaa5c109,diplomacy.supply,available,73,13,9,,,
002aaca2-6b6f-433b-92d8-c72636084b49,diplomacy.support,available,73,13,9,,,
be6d8d54-1d21-41a8-9a25-4d46b83409a1,diplomacy.surf,available,73,13,9,,,
38830666-f0db-4596-b219-b2ca0837d533,diplomacy.surgery,available,73,13,9,,,
3b997576-43f3-4e12-ad70-bdffa5a71d7d,diplomacy.sydney,available,73,13,9,,,
f51b9c72-6455-4044-9007-bd15671e42e6,diplomacy.systems,available,73,13,9,,,
192ae5ca-956f-471c-ba0e-15eb86db3f68,diplomacy.talk,available,73,13,9,,,
343480f3-d276-4665-af79-1bdcb711f004,diplomacy.tattoo,available,73,13,9,,,
24243ad4-f40e-43ed-b976-ec6dfec271ab,diplomacy.tax,available,73,13,9,,,
bb865205-2bf6-4a0d-b7d7-ab28b3be25e1,diplomacy.taxi,available,73,13,9,,,
1bcb56a4-852e-4b39-aee1-fb315a6411c2,diplomacy.tech,resell,73,13,9,Squarespace Domains LLC,28/03/2020 02:43,28/03/2029 23:59
fca6428a-cce0-4f87-a67c-00f255fc091d,diplomacy.technology,available,73,13,9,,,
c65c8d64-ca5d-415b-8461-3ed200a4c940,diplomacy.tel,available,73,13,9,,,
e7375c28-6863-4dfe-82cd-db7bcae191cb,diplomacy.tennis,available,73,13,9,,,
d61cf3ca-58ac-430f-9969-6ac1ca9d5ffb,diplomacy.theater,available,73,13,9,,,
e04933a4-6ca3-45ba-b962-1eb697c49cee,diplomacy.theatre,available,73,13,9,,,
037d3e30-9314-4340-a486-de907ed29c08,diplomacy.tickets,available,73,13,9,,,
c4662bf7-c115-405a-8177-77fe09c09407,diplomacy.tienda,available,73,13,9,,,
16cb6560-0341-4202-90bd-a72e9bea3a92,diplomacy.tips,available,73,13,9,,,
6ba8ba31-c780-494a-a0e7-9268adfe8ee8,diplomacy.tires,available,73,13,9,,,
c6f9f8f0-0e00-4a3e-873c-96b795475fd0,diplomacy.tools,available,73,13,9,,,
8c635744-240f-4ace-b014-5599a88014f4,diplomacy.top,available,73,13,9,,,
a78ca152-33f6-423d-b4ce-b99a9c20c416,diplomacy.tours,available,73,13,9,,,
53119aff-012f-42cb-85ba-56cc56f20dee,diplomacy.town,available,73,13,9,,,
5cdfd126-2c9a-4ffb-832d-7820580d71fb,diplomacy.toys,available,73,13,9,,,
dcb2d09f-a104-4228-8d27-6a0b13260b69,diplomacy.trade,available,73,13,9,,,
f1ca5cb2-bb7a-4ac9-9280-f925ca4629f9,diplomacy.training,available,73,13,9,,,
477aa8fd-ad54-4ca4-b10e-b32645f17037,diplomacy.travel,available,73,13,9,,,
08762aa1-0cc8-49fa-b3fb-3fbaecf9c036,diplomacy.tube,premium,73,13,9,,,
c9604c83-0bc9-45f2-b9ae-f95d6d950b01,diplomacy.tv,premium,73,13,9,,,
42314a51-e934-4275-965f-433419db01c3,diplomacy.uk,resell,73,13,9,UK Internet Services Ltd,31/01/2022 16:53,31/01/2026 16:53
facda899-8f71-4930-b2f1-7ae5a88ce061,diplomacy.university,available,73,13,9,,,
bb3fdcf8-06f3-47ad-8aa8-472b94bd85b6,diplomacy.uno,available,73,13,9,,,
8a4fcde6-0ff3-4c45-9389-f10fa3b2612f,diplomacy.us,resell,73,13,9,"GoDaddy.com, LLC",24/04/2002 16:20,23/04/2026 23:59
a7f362eb-2c5c-434f-ba2a-49eb9b57732d,diplomacy.vacations,available,73,13,9,,,
927f0627-414c-45e3-9470-1f01f8f0c0f7,diplomacy.vana,available,73,13,9,,,
8a2a2f52-c20d-46c2-b1b5-8456a5d73324,diplomacy.vc,available,73,13,9,,,
27e694c2-d46c-4a6c-b14d-619ffb09a67d,diplomacy.vegas,available,73,13,9,,,
18426d52-4d28-48d7-b4f5-0715d94945ca,diplomacy.ventures,available,73,13,9,,,
ca15cd86-532e-419d-b203-283bdab655ef,diplomacy.vet,available,73,13,9,,,
03af9fa2-8427-4993-9276-191ddae06053,diplomacy.viajes,available,73,13,9,,,
874a589d-bd53-49f0-8a6a-f8e27f483b1c,diplomacy.video,available,73,13,9,,,
c79f4355-a1a0-4334-b4e7-19165f56813e,diplomacy.villas,available,73,13,9,,,
097d9470-40e0-4c73-bdf7-cddd39b478d5,diplomacy.vin,available,73,13,9,,,
c881d662-cae0-40ac-8729-523c8af6609f,diplomacy.vip,premium,73,13,9,,,
a15c6f82-1eb1-4108-9825-daecda8f6ce8,diplomacy.vision,available,73,13,9,,,
2de62848-1a44-4d21-a881-ca2c569d77ef,diplomacy.vodka,available,73,13,9,,,
807b4c92-e5c5-46f7-bca8-4256e4f6a801,diplomacy.vote,available,73,13,9,,,
e7bf9dc8-4d86-47c2-9aef-7e4987e50d72,diplomacy.voting,available,73,13,9,,,
cf070085-8e62-4fdf-ae6a-a92ac701f234,diplomacy.voto,available,73,13,9,,,
de6366a7-7fb2-4840-a34f-2b3fd6ac7f26,diplomacy.voyage,available,73,13,9,,,
386f7ab2-c849-46aa-8627-703444721e67,diplomacy.watch,available,73,13,9,,,
f9b4559b-b440-4d74-9456-fe5a2b542f5e,diplomacy.webcam,premium,73,13,9,,,
f7b5b09b-cb4a-4671-83b5-1e093b2f0f63,diplomacy.website,available,73,13,9,,,
3a2f1b5a-88b8-498f-8fb5-25c18c6eb236,diplomacy.wedding,available,73,13,9,,,
40d80f24-127a-43ff-bd81-1a3477644b04,diplomacy.wine,available,73,13,9,,,
05ccfb5c-6e09-4188-ad7e-536fb65405c5,diplomacy.work,available,73,13,9,,,
be037846-3ae5-421e-9809-1f30bfd59bea,diplomacy.works,premium,73,13,9,,,
f2ccea36-66d0-4961-9c34-33de5dc4c5af,diplomacy.wtf,premium,73,13,9,,,
6b3a0833-2237-4048-bac2-36eac5a39714,diplomacy.xyz,sold,73,13,9,Dynadot LLC,24/06/2020 21:25,24/06/2027 23:59
eda21954-e5ac-430b-b5f2-65dd2e783967,diplomacy.yachts,available,73,13,9,,,
5a4a00f7-465d-4649-bdf6-b23086bbf9fa,diplomacy.yoga,available,73,13,9,,,
55f37acd-122b-430b-a283-981a7d05b4d3,diplomacy.you,available,73,13,9,,,
d0cf02b0-b563-4fa4-b95b-de6f10dc7083,diplomacy.zip,available,73,13,9,,,
dc4be95b-0e7e-41c6-bd3b-692306fc6aed,diplomacy.zone,available,73,13,9,,,
80d1b091-79e9-425e-9600-5cdb38c65c51,fundraising.at,available,74,84,11,,,
a8086fae-7362-435a-821c-fc5ffa37ca66,fundraising.dev,premium,54,84,11,,,
752c2a20-9e51-4955-b690-73cc21e6f909,fundraising.expert,expired,54,84,11,"eNom, LLC",14/05/2014 16:00,14/05/2025 16:00
4bb8fe60-f40e-4748-ad44-221773f75a22,fundraising.gg,available,74,84,11,,,
5827868f-9afe-4c9d-b063-11cc4cb4de60,fundraising.io,resell,74,84,11,Dynadot Inc,25/01/2013 02:08,25/04/2026 00:30
9ac4f8e5-65d4-4fae-b1cd-72c1073e4c81,fundraising.site,premium,54,84,11,,,
b1b6a8b0-a816-4184-87b4-461c56b67fe8,fundraising.so,available,74,84,11,,,
9129b818-1ea0-4197-99b2-97762b4d326e,fundraising.space,premium,54,84,11,,,
4f58b92d-2269-44f8-adfb-118844f9fafd,fundraising.store,premium,54,84,11,,,
16ec658b-e8d8-4eb3-8004-8e4901982419,fundraising.xyz,resell,54,84,11,"Go Daddy, LLC",02/06/2014 17:10,02/06/2026 23:59
bed92312-a21f-4f2e-bcd1-f4df78934c13,strategy.accountant,premium,74,42,8,,,
3c86891b-55c9-44de-b655-bea9b14cf66b,strategy.actor,available,74,42,8,,,
c3363133-ae65-404a-a957-d06ba8081910,strategy.adult,available,74,42,8,,,
026548e5-6f7f-4fa2-be1c-a483cdf1da45,strategy.airforce,available,74,42,8,,,
7a95f317-4ec5-40b4-af33-9f02dac3cb76,strategy.apartments,available,74,42,8,,,
8cc249a6-ae19-4773-b7a5-55a6c3ca8471,strategy.army,available,74,42,8,,,
90b03025-3b72-4a50-9f23-cc24200ef0b3,strategy.at,available,74,42,8,,,
702057fc-9d49-4f3b-a794-4c165d03f986,strategy.attorney,available,74,42,8,,,
d30ab56d-651e-4bc0-9818-61afd10cdd7b,strategy.audio,available,74,42,8,,,
7ade026d-3505-4e59-a8da-52157330b9e1,strategy.auto,available,74,42,8,,,
b2ec31ed-218e-4e4c-b020-4dfe3220841d,strategy.autos,premium,74,42,8,,,
6ee1fe9c-5aaa-4c7b-b46c-2ac8a4b061be,strategy.baby,resell,74,42,8,"Porkbun, LLC",26/08/2025 15:18,26/08/2026 23:59
dd3382f1-4ff0-4d27-9460-0170dbd72b26,strategy.bargains,available,74,42,8,,,
63757bbd-a63b-41e7-9a8d-e0ea32bfe455,strategy.bayern,available,74,42,8,,,
7fa3c7d8-f2c3-4370-b7fc-5c369c8f3068,strategy.beauty,premium,74,42,8,,,
8b95c988-0662-4b3f-99e1-16968d5da005,strategy.beer,available,74,42,8,,,
806c177f-a7d8-421b-a821-340e5d68a755,strategy.berlin,expiring,74,42,8,,09/01/2015 05:40,09/01/2026 05:40
4c006879-173a-4870-8673-a955335ccc4c,strategy.bid,premium,74,42,8,,,
c733f8dc-a965-4934-aff8-8a54fd6e133a,strategy.bingo,available,74,42,8,,,
c481e4f1-19f0-4969-b50f-150b2a523a9b,strategy.blackfriday,available,74,42,8,,,
3829b3a9-8428-4d71-8de6-f2f17166fd18,strategy.boats,premium,74,42,8,,,
5b52be26-ccab-460f-9ebe-d0b56727f8c8,strategy.boo,premium,74,42,8,,,
c33fb31d-e1c5-498a-91c3-b01307f965d8,strategy.boston,available,74,42,8,,,
667a60bd-adb7-43e4-8f6d-6a3155ecf808,strategy.build,premium,74,42,8,,,
8a8db173-3f56-422f-b8a9-40f1fa0488e3,strategy.business,resell,74,42,8,"Wild West Domains, LLC",10/12/2014 16:18,10/12/2026 16:18
bfab06e4-f534-4003-8f83-19afa039e8b1,strategy.buzz,premium,74,42,8,,,
72c2c156-6084-4615-918e-8703f1a63fc6,strategy.cab,available,74,42,8,,,
6b468048-2b79-48db-805c-385ff3f767f7,strategy.cam,resell,74,42,8,"Porkbun, LLC",17/01/2025 08:42,17/01/2026 23:59
c85b110a-ba62-44bc-98cf-8399bb3e244f,strategy.camera,available,74,42,8,,,
cdce83cb-ed8f-4c7e-b8f2-99e6fe5658e7,strategy.capital,expiring,74,42,8,"GoDaddy.com, LLC",06/01/2024 03:51,06/01/2026 03:51
9401fbe2-e0b2-4fad-978d-8fd4cf72a3d7,strategy.car,available,74,42,8,,,
7cad5f5e-38f8-4663-9cca-14a4f4aa183c,strategy.cards,premium,74,42,8,,,
825105bc-8aec-499a-8a80-c02e57500a96,strategy.care,premium,74,42,8,,,
d34f3536-5686-4e21-b8cb-5284b86b4c82,strategy.cars,available,74,42,8,,,
3795712d-7932-4d11-aa18-fd360e8c41cd,strategy.casa,available,74,42,8,,,
cc044601-d388-456c-b664-4ef6f170e286,strategy.cash,resell,74,42,8,"NameCheap, Inc.",06/02/2025 02:50,06/02/2026 02:50
6c8aec98-2f0a-4a60-873d-caded09b58a3,strategy.casino,resell,74,42,8,"GoDaddy.com, LLC",05/02/2025 22:30,05/02/2026 22:30
3893a142-6d5c-4550-a971-d314065391ed,strategy.catering,available,74,42,8,,,
04f9a73b-ee8d-407f-b532-9b9b3d8804b3,strategy.cfd,premium,74,42,8,,,
b355c756-5464-4608-a55f-e145874b873b,strategy.charity,available,74,42,8,,,
47998506-2397-44ce-940e-900500649c07,strategy.cheap,available,74,42,8,,,
ab5ca0ad-4648-463b-a38f-f04386555ce7,strategy.christmas,available,74,42,8,,,
d5ed9bfb-21c8-4cbb-b180-a68821c0f18d,strategy.church,expiring,74,42,8,"Global Domains International, Inc. DBA DomainCostClub.com",12/12/2024 01:06,12/12/2025 01:06
d7715c7b-7329-4329-8875-dae694b59b58,strategy.claims,available,74,42,8,,,
4bb8d101-aec9-42fd-9ee3-e488c14b13de,strategy.cleaning,available,74,42,8,,,
1440756e-489d-4080-85a9-c2656cb19552,strategy.click,premium,74,42,8,,,
443b51e6-345f-4a97-ac21-768a9dcc3de1,strategy.clothing,available,74,42,8,,,
525ac8bc-79cc-4de1-9dc4-017a7ca3c948,strategy.cloud,premium,74,42,8,,,
9ab08a42-eff4-42be-91ca-a6a40610296e,strategy.coffee,available,74,42,8,,,
f6bf1510-3e82-403e-a5ea-dab84b9c3588,strategy.computer,available,74,42,8,,,
486a082b-34e4-48d4-ba41-ed03bdce27cb,strategy.condos,available,74,42,8,,,
ff84e960-34d4-4de0-99c6-03d33a882e03,strategy.construction,available,74,42,8,,,
0d445a0b-aa01-470d-9c9d-c7d07971f762,strategy.consulting,premium,74,42,8,,,
7ac8d6bf-41ac-4e16-b08a-dcb5aa27d1b1,strategy.cooking,available,74,42,8,,,
8d536da7-6836-4d30-bfea-7e0695439c4d,strategy.country,available,74,42,8,,,
debd4245-6b94-4645-ad6a-d3562cae52cc,strategy.creditcard,available,74,42,8,,,
439b72ec-b895-4a1a-8787-0b8147993258,strategy.cricket,premium,74,42,8,,,
e4f0a6b2-e1ce-452a-aa7d-f8863d787781,strategy.cruises,available,74,42,8,,,
3adc1113-da81-4fae-b305-c15ca03f2d4c,strategy.cv,premium,74,42,8,,,
e4b0d38b-e8d0-42ef-9cec-623bcd51b128,strategy.cyou,premium,74,42,8,,,
3819cca2-d118-4e99-8817-1bbaa0b5fd2a,strategy.dad,premium,74,42,8,,,
e1af1920-9582-4d25-9f65-3b41c38dceb1,strategy.date,premium,74,42,8,,,
e390fb74-3fe4-4023-961e-94065ca19d43,strategy.dating,available,74,42,8,,,
0a6866c6-efb1-4d8f-8d22-064aa6773f61,strategy.deal,premium,74,42,8,,,
dab97290-00fe-41d5-9de4-cd799bc0ef99,strategy.dealer,premium,74,42,8,,,
b35d4e5b-7dcd-4239-a98a-6fb8b3ccb1da,strategy.dental,available,74,42,8,,,
f063eb4f-d93d-410a-ac45-3ff5256738bf,strategy.dentist,available,74,42,8,,,
14ff7521-24a1-44c4-9d41-5eb83a363b89,strategy.diamonds,available,74,42,8,,,
f2331143-bbf0-4e01-8218-a97493210d6e,strategy.diet,available,74,42,8,,,
37e9972d-0c3d-4dc2-8f17-7b8ab5635c7e,strategy.discount,available,74,42,8,,,
1f7ffc9e-0eb1-487e-9a8c-218fc344a683,strategy.diy,premium,74,42,8,,,
16054491-f615-4dc3-a123-22b7a6a02f6d,strategy.dog,available,74,42,8,,,
008dbb81-bdef-49cb-9d6f-c847811352d4,strategy.download,premium,74,42,8,,,
5c8d1844-5843-4ae1-900a-79399a5646f2,strategy.earth,available,74,42,8,,,
93a7a1f7-1064-4671-89d6-3c441227df3f,strategy.email,resell,74,42,8,Porkbun LLC,09/05/2021 22:23,09/05/2026 22:23
df6a4eee-8317-4164-b65f-ac5f4d2671fd,strategy.equipment,available,74,42,8,,,
101db875-db71-4f72-8882-ef4bf051d2cd,strategy.esq,premium,74,42,8,,,
e4e968eb-f1df-45bd-8e14-ec48445c6f9b,strategy.estate,available,74,42,8,,,
b44d8831-8b17-4e9b-aaec-1f827232a2c9,strategy.fan,available,74,42,8,,,
b262e0a5-f18d-4a59-9727-6c43e22668c8,strategy.fans,premium,74,42,8,,,
a078b7f5-7142-4594-8647-b7260acfff96,strategy.fashion,available,74,42,8,,,
7f2a7d41-60c5-423e-bed0-46dcec37aaeb,strategy.fast,premium,74,42,8,,,
7789d33f-2c7e-4663-b1e0-aaa96ebea24c,strategy.film,premium,74,42,8,,,
28571c5a-996d-48f2-a820-035d658f1676,strategy.financial,premium,74,42,8,,,
4ac63f23-129c-46cb-a1af-d21c39e6efcb,strategy.fish,available,74,42,8,,,
2f427a3a-2960-4ff0-abba-40d73711bde6,strategy.fishing,available,74,42,8,,,
7ca939bc-1178-44e2-a80e-17564f8a1d51,strategy.fit,expiring,74,42,8,"GoDaddy.com, LLC",11/12/2015 23:44,11/12/2025 23:44
7b31750b-cc10-4195-bb26-2a1edecdf585,strategy.flights,available,74,42,8,,,
3bb27b5c-9fe2-45c8-b6ab-5dc9926ca16a,strategy.florist,available,74,42,8,,,
e34b4c2d-3aca-4980-b26f-b05fcf098c22,strategy.flowers,available,74,42,8,,,
b9976dc5-2db6-4e7e-a87d-a5a1cf657490,strategy.foo,premium,74,42,8,,,
850fd4d4-dc84-41ba-9614-0483a11913a5,strategy.food,premium,74,42,8,,,
4e4b6ce3-e4a4-4ffe-8660-5cec06cc6776,strategy.forsale,available,74,42,8,,,
da0ff616-5855-4228-8441-ecf8e2f1af3b,strategy.free,premium,74,42,8,,,
fdd246fd-8db1-4151-8caf-8150f24ffa96,strategy.furniture,available,74,42,8,,,
9379829c-e51a-4ffc-84b2-4b29c480511a,strategy.futbol,available,74,42,8,,,
ad15ccdb-4f6d-4b9b-af40-703206dbf571,strategy.gallery,available,74,42,8,,,
8eb3acc6-b5d6-473e-8e40-3564b1b87ac2,strategy.game,available,74,42,8,,,
ec81a99f-7947-4559-98e3-3cf3e0fdb73d,strategy.glass,available,74,42,8,,,
bf550a95-7f46-4dcd-8ff4-74684b7994ce,strategy.global,premium,74,42,8,,,
12d21c67-1efc-4fa9-a01b-87ed565951c0,strategy.gmbh,available,74,42,8,,,
71f82516-b35e-4c11-9967-d1d617597708,strategy.gratis,available,74,42,8,,,
9f84ef82-19c1-48a6-b641-a04de3a570a5,strategy.green,premium,74,42,8,,,
6571f54b-f03e-4cb5-ab00-1132e6360f7d,strategy.gripe,available,74,42,8,,,
39fc686a-8bfa-4922-abb1-b45cbc879de7,strategy.guitars,available,74,42,8,,,
5700460d-9232-49c4-966c-5a9df5ac902e,strategy.hair,premium,74,42,8,,,
bd792390-6165-4f89-876b-f3050c83137d,strategy.haus,available,74,42,8,,,
308672d0-64cb-4808-90cd-641779f1cf97,strategy.healthcare,available,74,42,8,,,
a7746edb-413b-4f66-aeee-09daf3267e34,strategy.hiphop,premium,74,42,8,,,
2dcfe93f-e0d0-499d-923b-38896e40172c,strategy.hiv,premium,74,42,8,,,
09d3374c-07ae-4b3a-affd-a60f311162f2,strategy.hockey,available,74,42,8,,,
957cd108-7888-4868-9102-bb1b56646f55,strategy.holiday,available,74,42,8,,,
82f85e28-09d4-4d4f-8540-c903282179e7,strategy.homes,premium,74,42,8,,,
5ed7e762-0d71-4e2f-8f83-35a35b243fcc,strategy.horse,available,74,42,8,,,
0e0e32aa-b335-4652-bc44-b3f89cdbac13,strategy.hospital,available,74,42,8,,,
575b57e0-c1e9-4963-8db7-20a5c640255e,strategy.host,premium,74,42,8,,,
b00a6602-7903-4ba4-ac88-0b531a287ab2,strategy.hot,premium,74,42,8,,,
0232ac44-cd26-4545-91ec-b09cc99bdf83,strategy.how,premium,74,42,8,,,
219b0db7-ca47-4899-a1e0-2fb4e7ff7441,strategy.icu,premium,74,42,8,,,
fea1e7e1-cbec-46d0-944e-97c213fbeb77,strategy.im,premium,74,42,8,,,
3decfd36-cbed-4aba-ad10-0d20092f2b26,strategy.immo,available,74,42,8,,,
07efefd3-e33f-4e91-b669-e55cdb7e07dd,strategy.immobilien,available,74,42,8,,,
7ac627de-708b-4402-8a9c-792900b95c4f,strategy.in,resell,74,42,8,1API GmbH,16/02/2005 06:57,16/02/2026 06:57
24900408-0761-4c52-974d-4d2340a8ed8d,strategy.ing,premium,74,42,8,,,
88883a0a-6a06-41e3-8ac0-39cc11a8634d,strategy.ink,expired,74,42,8,"Spaceship, Inc.",02/12/2024 15:43,02/12/2025 15:43
21dd0be5-feb8-454c-b55b-f8cc1764a93a,strategy.insure,available,74,42,8,,,
eb30c824-edfe-4913-9f47-cc2cfcc1566f,strategy.investments,premium,74,42,8,,,
c550b764-52c7-4b09-a0c7-c2ab81a10e59,strategy.irish,available,74,42,8,,,
5474ab20-1995-43d4-bde1-1c34b80702aa,strategy.jetzt,available,74,42,8,,,
da1cebd3-a421-4b18-8fa0-593e3b72449d,strategy.jewelry,available,74,42,8,,,
5bee0245-bc32-4794-a77a-06b3945d7b01,strategy.juegos,available,74,42,8,,,
f7439c24-7cbb-4d05-a4e1-8766c5406e66,strategy.kaufen,available,74,42,8,,,
00526143-fca5-402a-a38c-a74550eef292,strategy.kids,premium,74,42,8,,,
3a0c503e-b626-41fa-b989-672519c44869,strategy.kim,available,74,42,8,,,
1afb95ee-b571-4f85-bdf0-81b7f977a65e,strategy.kitchen,expiring,74,42,8,Dynadot Inc,18/12/2024 23:17,18/12/2025 23:17
e79061ff-d6c2-4ac6-bf81-c3bfa8bfc120,strategy.lawyer,available,74,42,8,,,
333210bc-1931-434a-b217-ed238e580333,strategy.lease,available,74,42,8,,,
ce28ea03-fe15-4700-923a-fc5941e8202f,strategy.lgbt,available,74,42,8,,,
85172b85-273f-41f6-9f84-afd4974de53a,strategy.lifestyle,premium,74,42,8,,,
619d6aea-4044-4426-a493-f7aaa82ed6eb,strategy.lighting,available,74,42,8,,,
d0bf7c78-1155-4def-a962-db0e988ac113,strategy.limited,expiring,74,42,8,"eNom, LLC",08/01/2015 16:48,08/01/2026 16:48
a0e1f38a-866b-4ffb-8d65-ed9c0c23714f,strategy.limo,available,74,42,8,,,
ee7a6157-8d80-43a1-aeb4-657d8e373018,strategy.link,premium,74,42,8,,,
3347b40d-21fa-4a0b-a433-6f2b9816407b,strategy.living,premium,74,42,8,,,
991d6156-5103-4d62-a8b6-c1317aef7470,strategy.llc,premium,74,42,8,,,
b0093602-b28c-4852-81f7-b6499d4e5445,strategy.loan,premium,74,42,8,,,
2bcf72c8-af5e-4dc0-b3d7-1682d31a6670,strategy.loans,resell,74,42,8,"NameCheap, Inc.",06/02/2025 02:50,06/02/2026 02:50
74e78751-ac79-4b20-bbf8-13d04cf5f2f7,strategy.locker,premium,74,42,8,,,
1f31444f-3772-45e3-9c2e-b7e3553b8f0c,strategy.ltda,premium,74,42,8,,,
8411b9b8-1292-4ce9-a098-eabf7d2845ff,strategy.luxe,available,74,42,8,,,
6bb55482-0874-45c9-9e37-2b9fddf27d36,strategy.luxury,available,74,42,8,,,
54810b66-14d1-4124-8a6c-af7bac720580,strategy.maison,available,74,42,8,,,
e5269494-89c3-4d89-a1d7-c7abc28f7ead,strategy.makeup,premium,74,42,8,,,
913bf28d-fb3d-435a-ae53-93df5b3140ff,strategy.management,resell,74,42,8,"Go France Domains, LLC",24/06/2015 16:00,24/06/2027 16:00
993075da-baba-43a0-96a0-ffdd6f606682,strategy.mba,resell,74,42,8,"NameCheap, Inc.",23/06/2020 15:48,23/06/2026 15:48
a98ccbb9-e3e0-4d36-a523-00fe65584cc0,strategy.media,resell,74,42,8,"DNSPod, Inc.",02/12/2023 15:15,02/12/2026 15:15
b3232934-4140-42dc-b873-ca7603011eae,strategy.melbourne,premium,74,42,8,,,
80d3490f-59ae-4d33-a9ea-f5f319c0ed24,strategy.memorial,available,74,42,8,,,
0535b7b6-ff8c-4143-a26d-3b381666f1df,strategy.men,premium,74,42,8,,,
bffcb7cc-1047-417b-9d69-7d995ca0dd63,strategy.menu,available,74,42,8,,,
4219549c-b9e8-4f05-8217-e6c092a896d9,strategy.mobi,resell,74,42,8,"Sav.com, LLC - 42",21/11/2024 17:00,21/11/2026 17:00
083e9402-8e84-451d-816f-e706b200a17a,strategy.moda,available,74,42,8,,,
dcb2eb70-9d38-4cf5-80de-05293acda388,strategy.moe,available,74,42,8,,,
502d5177-5bc8-4af1-b3bb-a14170ad72ae,strategy.mom,premium,74,42,8,,,
dd9c0125-9087-48bd-b403-bd057b3c0ec1,strategy.monster,premium,74,42,8,,,
cd991050-0129-4649-b7c9-caa29cc4d85a,strategy.mortgage,premium,74,42,8,,,
35ebc7a7-3fa9-479a-b1ed-25691aadb1ed,strategy.motorcycles,premium,74,42,8,,,
a43e7440-b706-4183-9e5b-ef1673268203,strategy.mov,premium,74,42,8,,,
12f1e1b1-9b93-4a1a-93c8-9fad7c4cd2f4,strategy.movie,available,74,42,8,,,
32a99c5f-3c1d-45a5-ab92-ce5ecf801694,strategy.music,premium,74,42,8,,,
2d31024d-ff2a-4675-9736-adbd2f69deaa,strategy.mx,resell,74,42,8,Dynadot Inc,18/10/2025 00:00,18/10/2026 00:00
1c5680cb-b9cb-45fa-8a93-0bcf86651e07,strategy.my,premium,74,42,8,,,
5879d746-7964-4ae4-8736-7365c7777770,strategy.name,available,74,42,8,,,
19576f81-275d-4ce6-bd99-e93be31eae69,strategy.navy,available,74,42,8,,,
77ad35f9-e88a-411e-8d9b-9955b722edcd,strategy.nexus,premium,74,42,8,,,
212983b7-2a05-4448-82a1-67d40b5db623,strategy.nyc,premium,74,42,8,,,
6cfb6c61-2afa-4695-b209-fba88cb185fa,strategy.ong,available,74,42,8,,,
56a7e4aa-d627-4845-b8e9-b1f58e465bdd,strategy.onl,resell,74,42,8,Dynadot Inc,17/03/2025 17:10,17/03/2026 17:10
c77c7b2a-1b0b-4af0-b469-ae1548c383ba,strategy.online,premium,74,42,8,,,
ea01dc52-4dca-4d33-9ba7-4491b0172975,strategy.organic,available,74,42,8,,,
70354a7d-1c25-4b3c-9956-57448a3a3fd8,strategy.osaka,available,74,42,8,,,
30c0d3e1-8ac7-467a-9580-1c52c3237179,strategy.page,premium,74,42,8,,,
f82c2557-b253-4757-b68a-9725642a3d07,strategy.parts,available,74,42,8,,,
e8d806c9-f77c-4fa9-8287-520081600053,strategy.phd,premium,74,42,8,,,
12049ce1-5683-4f40-905b-369e9f717fa7,strategy.photo,premium,74,42,8,,,
2791e453-9da6-4f88-877a-27527b7ed3b3,strategy.photography,available,74,42,8,,,
4f3683da-27e6-4aa9-8e79-3bf141139e91,strategy.photos,available,74,42,8,,,
f3609bcb-0ce1-4636-b46e-a2a413dc8fe6,strategy.pics,available,74,42,8,,,
10a2b578-369e-4eef-be0f-d50a9464c0fc,strategy.pink,available,74,42,8,,,
7e8307c9-6032-45d0-8184-10190a73d91b,strategy.pizza,available,74,42,8,,,
8303f09c-f260-4e6f-a34f-0d63755523a8,strategy.plumbing,available,74,42,8,,,
3e1f98e9-56b5-43d8-a9bf-2754cad8f405,strategy.porn,available,74,42,8,,,
07ed7999-6b1d-4d27-8df2-3a8bbbe73cac,strategy.press,premium,74,42,8,,,
9f759304-f182-4e4c-8644-550ec65dc704,strategy.pro,resell,74,42,8,"GKG.NET, INC.",03/07/2017 10:10,03/07/2026 10:10
531ad374-eb5b-4c05-a305-41794a5d1ce4,strategy.productions,available,74,42,8,,,
b0b633f8-20e6-4b99-98e3-026f0d47964b,strategy.prof,premium,74,42,8,,,
bcf4e3fe-c66f-4fe6-86cf-8b3387c992bd,strategy.promo,available,74,42,8,,,
1ce20b1f-751f-45d0-93c0-b5330f3f984c,strategy.property,premium,74,42,8,,,
0618183a-d72e-4cd5-bb5b-2f0e5fdc44ec,strategy.protection,available,74,42,8,,,
e1f39183-ec73-4c13-b4da-ef8b7072dbb6,strategy.pub,available,74,42,8,,,
542dae05-b51a-447e-8564-ae852139abfb,strategy.qpon,available,74,42,8,,,
431c3d37-b0d9-4a97-91f2-ed9bbe9d1e2d,strategy.quest,premium,74,42,8,,,
4f276c71-44df-43a2-ac72-14ab01fa1b41,strategy.racing,premium,74,42,8,,,
4aac666c-1857-4780-b3ef-427eb960f354,strategy.realty,available,74,42,8,,,
d1c31dcf-2046-49f0-8ce6-8ccc43f17215,strategy.red,available,74,42,8,,,
794d2572-30cb-4ce4-940a-2f6fc4e65885,strategy.rehab,premium,74,42,8,,,
fa841184-d3f3-455c-ae30-920582874092,strategy.reise,available,74,42,8,,,
14af7b52-3c35-40a9-9ce3-88a688043735,strategy.reisen,available,74,42,8,,,
3c61b866-e23e-44c5-a8a8-3cd86edfcd8b,strategy.rent,available,74,42,8,,,
b5d60b1d-8bfc-42e4-bfb3-7142ef3416a6,strategy.rentals,available,74,42,8,,,
ad279455-4acf-425e-8cda-84ea21175253,strategy.restaurant,available,74,42,8,,,
4c153816-513c-4d0a-a3ee-9d71df58f474,strategy.review,premium,74,42,8,,,
905cfab0-3d7e-4ab0-8af1-eb5445737397,strategy.reviews,premium,74,42,8,,,
de902a77-198b-4791-a184-790161aa39eb,strategy.rocks,resell,74,42,8,"NameCheap, Inc.",29/07/2014 11:34,29/07/2026 11:34
de487801-6518-4d28-8f82-bfdf21b1df5b,strategy.rodeo,available,74,42,8,,,
1f8e3873-1a80-4e19-a8a7-a2cfb7252c4e,strategy.rsvp,premium,74,42,8,,,
d778534e-d360-4af4-8967-86868faf7fc5,strategy.run,resell,74,42,8,"Sav.com, LLC - 27",24/09/2025 15:15,24/09/2026 15:15
c3fd46bc-08f2-4a1d-89df-95901e0d85a6,strategy.ryukyu,available,74,42,8,,,
ea7a9a9f-3d16-424f-aa32-3662931dd410,strategy.sale,premium,74,42,8,,,
6f3fecaf-e751-40c7-8e7f-52aa07bb0256,strategy.sarl,available,74,42,8,,,
204a0017-d918-4a2f-8123-982ba3a770bf,strategy.sbs,premium,74,42,8,,,
9cd9fdd4-939d-4389-8cd6-ee26e2cf85a0,strategy.schule,available,74,42,8,,,
00bb863c-5d16-428a-88c1-dd46c232e9f0,strategy.security,available,74,42,8,,,
56a8dcc0-388a-40a8-a153-28abc13b3861,strategy.sexy,available,74,42,8,,,
b9d14984-754e-47ff-91f9-8fe78d74ed83,strategy.sh,resell,74,42,8,"NameCheap, Inc.",13/05/2022 23:14,13/05/2026 23:14
bec5df27-89e5-400d-8f75-f6b0de60f26d,strategy.shiksha,available,74,42,8,,,
520bbb2a-d15e-4a8d-a512-682108183ddc,strategy.shoes,available,74,42,8,,,
37d3b7c6-fd28-4c1e-9244-02542b6ca5af,strategy.shop,premium,74,42,8,,,
5c9b6ae3-2501-4385-8ecc-ea9ff86ab275,strategy.singles,available,74,42,8,,,
6012030d-b7be-4d6f-a5f5-e32d7030c84f,strategy.site,premium,74,42,8,,,
e4c51002-db96-4542-b98c-13a602d68da3,strategy.ski,available,74,42,8,,,
5b30a819-dfa5-46cf-955c-b7f7f5a8fab0,strategy.skin,premium,74,42,8,,,
7f621f9e-9099-4398-b69d-cd3a8a4c9e31,strategy.so,resell,74,42,8,NameCheap,23/06/2020 15:48,23/06/2026 15:48
abe3039d-da67-492f-a850-f98d3b89e196,strategy.soccer,available,74,42,8,,,
f1cac0e7-181b-4187-b845-5f48b384aa45,strategy.solar,available,74,42,8,,,
60a45a09-e319-4181-b576-122ef6dab127,strategy.soy,premium,74,42,8,,,
ff98e9d0-d6da-4ad8-b643-da6b7f0425f4,strategy.space,premium,74,42,8,,,
066d9da8-ef5b-4dab-828e-ea1c6a8ccc6f,strategy.spot,premium,74,42,8,,,
b0ca1a0c-d997-4b11-b636-2eff4204638d,strategy.srl,available,74,42,8,,,
aa4fef8d-98e2-4cb4-a1c0-dcbbd03b0490,strategy.storage,available,74,42,8,,,
b6a6fc8e-c35a-4c2c-b398-02fa63d1431e,strategy.store,premium,74,42,8,,,
5ab81e7d-adff-4e20-8bfd-ead16414ad6e,strategy.stream,premium,74,42,8,,,
a107bea6-50f1-48f5-919a-882ca64c9c83,strategy.sucks,available,74,42,8,,,
d0621924-c3e3-4999-87c4-89b3725f1738,strategy.supplies,available,74,42,8,,,
9af5ebb7-a247-4926-892a-65a435bfaf12,strategy.supply,available,74,42,8,,,
2939c76d-e0c4-409b-8d6e-32ceb04e9de4,strategy.support,resell,74,42,8,"Sav.com, LLC - 39",04/04/2025 15:15,04/04/2026 15:15
5b0c6c65-c320-4f32-b439-1181b25515ff,strategy.surgery,available,74,42,8,,,
4d8f1613-505a-43aa-bb78-cfa853a7453b,strategy.sydney,available,74,42,8,,,
90001dda-6876-484b-94ae-40c50ff84b18,strategy.talk,premium,74,42,8,,,
ac91e702-e66d-47a9-baf0-7a97c7e79519,strategy.tattoo,available,74,42,8,,,
402244ad-8cbe-44d9-be48-38307e76b6b0,strategy.team,resell,74,42,8,"Global Domains International, Inc. DBA DomainCostClub.com",21/06/2025 15:15,21/06/2026 15:15
de88d735-ce23-49b9-a714-726752c89c77,strategy.tech,premium,74,42,8,,,
b6f6ed42-c18c-40f1-b28b-0133f4e31007,strategy.tel,available,74,42,8,,,
6f771614-a565-4f05-ac8b-84617ce8a2a8,strategy.tennis,resell,74,42,8,"NameCheap, Inc.",07/06/2016 17:59,07/06/2026 17:59
79513e39-2702-4789-ae44-1cdbfce76ab5,strategy.theatre,available,74,42,8,,,
498b184a-6299-46ed-a235-90a70552df6d,strategy.tickets,available,74,42,8,,,
9967f0db-82eb-4f0f-9c9b-d2f1265b26a9,strategy.tienda,available,74,42,8,,,
574bf5cf-b85e-4e47-8055-0b70c17f655d,strategy.tires,available,74,42,8,,,
b3a3cf90-a4f7-440e-b5dd-3a5887ae4200,strategy.tools,expiring,74,42,8,IONOS SE,30/12/2024 20:23,30/12/2025 20:23
1a347268-b227-40ad-8d84-c4e1fd362a30,strategy.top,premium,74,42,8,,,
75a1f1e9-dd8e-4564-92ef-bb5d1e6c53a8,strategy.travel,available,74,42,8,,,
5b059a6f-dd26-4acc-a963-d74ca09b7e4b,strategy.tube,expired,74,42,8,"Latin American Telecom, LLC",08/11/2017 19:27,08/11/2025 19:27
282e314a-4211-4467-b5fc-e1824efe7954,strategy.uno,premium,74,42,8,,,
6b97cae3-f081-45d4-985a-794233c4385d,strategy.us,resell,74,42,8,"GoDaddy.com, LLC",28/04/2004 17:17,27/04/2026 23:59
c2987f7a-4101-41c7-b052-8f6b3d6604cc,strategy.vacations,available,74,42,8,,,
3ab43d3b-3f4f-41d7-87c1-d7d5db5c41b4,strategy.vana,available,74,42,8,,,
df4f776a-6913-4bfc-8db6-63495e5988b9,strategy.vet,available,74,42,8,,,
9fbfe995-47cc-459a-8db4-4d33ceb7309e,strategy.viajes,available,74,42,8,,,
9cc56dd3-8954-4a1d-a34f-6d69a20b931f,strategy.video,premium,74,42,8,,,
d13f16ac-f8eb-49b2-8859-923f0784705e,strategy.villas,available,74,42,8,,,
3ded8208-4e4d-4789-9e06-e812d33df45f,strategy.vision,resell,74,42,8,"GoDaddy.com, LLC",29/03/2017 18:12,29/03/2026 18:12
2c89eb05-c5c7-4d0a-823e-8f27b1c1322a,strategy.vodka,available,74,42,8,,,
9114cffd-d4d5-44e8-9cef-cc94c4a69086,strategy.vote,available,74,42,8,,,
6720213c-e812-46eb-a61b-9aefa83ed762,strategy.voting,available,74,42,8,,,
52875d81-026a-43b4-85a3-8f7a33a5d3d7,strategy.voto,available,74,42,8,,,
39721b48-4149-4261-bb82-820e28320c9b,strategy.webcam,premium,74,42,8,,,
1f6fb398-d985-4cff-8ab2-2eaa33561a70,strategy.website,premium,74,42,8,,,
a1fa5afe-dca8-4cc4-8c70-149a3590133e,strategy.wedding,available,74,42,8,,,
7495901b-0ae9-4509-b1b2-840adcb01d8c,strategy.win,premium,74,42,8,,,
c126b7ea-1fbe-43ba-b5fd-372ec3a7c399,strategy.world,resell,74,42,8,"Xiamen ChinaSource Internet Service Co., Ltd",24/06/2020 13:05,24/06/2026 13:05
dd792b9e-deef-44f7-8106-633780fc8e6b,strategy.xyz,expiring,74,42,8,"Go Daddy, LLC",05/01/2018 15:45,05/01/2026 23:59
8d1909cc-03fb-4533-8622-6cd8893a1bd5,strategy.yachts,premium,74,42,8,,,
8adf46a6-629b-48a7-98a7-36a545db17cc,strategy.yoga,available,74,42,8,,,
272a6409-a69e-4f09-ac3b-df03bb739b4a,strategy.zip,premium,74,42,8,,,
5924e994-7846-40fe-b365-f08afbf1ebcb,Media.accountant,premium,78,37,5,,,
ef7ba6a1-eba5-4c5c-ab2b-ee2669150e92,Media.accountants,premium,78,37,5,,,
2a41ecd6-c483-444d-83a4-67259f4c169a,Media.actor,premium,78,37,5,,,
6c9edbf4-7224-4603-a619-804a8e5df549,Media.adult,premium,78,37,5,,,
5b03de74-3599-40f8-82b0-76707522ff47,Media.agency,resell,78,37,5,GoDaddy Online Services Cayman Islands Ltd.,15/07/2016 17:29,15/07/2031 17:29
c8395958-7225-42f6-a537-b304d521d162,Media.airforce,available,78,37,5,,,
33948244-d303-4ee1-8505-a2481d1447ce,Media.apartments,available,78,37,5,,,
ad29b2dd-32d7-43db-b7d9-e84015801c7f,Media.art,premium,78,37,5,,,
0d5e1e1c-a1f3-4b95-b1ed-43b509fc1c96,Media.asia,resell,78,37,5,"DNSPod, Inc.",23/04/2020 01:09,23/04/2027 01:09
9b698069-3507-4831-af0b-70f9b70ffd66,Media.associates,premium,78,37,5,,,
a1f6a310-1018-4612-8ab1-3241187018f6,Media.at,available,78,37,5,,,
a6dc32a9-08d3-4921-a8d3-e31ae0dd37fe,Media.attorney,premium,78,37,5,,,
15beea7a-a7cf-4059-ae25-79350048fe37,Media.auction,premium,78,37,5,,,
c1194950-f655-4630-968e-01302c8bf2a0,Media.audio,available,78,37,5,,,
8a28af95-9e74-47cf-bf8c-2d61adbe0f92,Media.auto,available,78,37,5,,,
36f321a0-c8e1-471a-9637-2e70d55d6c1a,Media.autos,premium,78,37,5,,,
cffc26f9-0b03-49eb-916c-ad19bec764d4,Media.baby,resell,78,37,5,"CHENGDU WEST DIMENSION DIGITAL TECHNOLOGY CO., LTD.",10/10/2025 22:58,10/10/2026 23:59
09cad82a-8aa5-4e9e-b9f5-b18bb7a3d0c7,Media.bar,premium,78,37,5,,,
ce38e767-f86c-42ef-b837-e7f9bc0bf16e,Media.bargains,premium,78,37,5,,,
df9aab11-de78-4612-af7a-bde47f49be08,Media.bayern,available,78,37,5,,,
152b6385-f51f-4cef-8a8d-12b9a92920b3,Media.beauty,premium,78,37,5,,,
a2f5e974-155c-4eaa-9e7d-212af232a6d0,Media.berlin,available,78,37,5,,,
3918ada0-5e2f-4449-94a6-e2139a18e32c,Media.bid,resell,78,37,5,Porkbun,26/07/2019 14:26,26/07/2026 14:26
d960f14c-a28f-4c88-ba31-08f923e17713,Media.bingo,available,78,37,5,,,
3ea1d7a7-7068-482e-b981-8ff990ad41e8,Media.blackfriday,available,78,37,5,,,
c8d38cf9-d150-4856-b4f9-3a5f0228b103,Media.blog,premium,78,37,5,,,
9a3b5eb7-1fe1-4164-a65b-41a7af1c4573,Media.blue,resell,78,37,5,"Sav.com, LLC",20/07/2016 12:55,20/07/2026 12:55
1a0f6521-0bb7-475e-ab64-c0fe1a4e2503,Media.boats,premium,78,37,5,,,
adf7e37b-906a-4247-8690-f21582ad3d7b,Media.boo,premium,78,37,5,,,
ec1249fd-af1d-479c-9395-2070a21aef33,Media.boston,premium,78,37,5,,,
364e76e6-59bc-4529-9fc2-a50a9674dc72,Media.bot,premium,78,37,5,,,
b91b0f83-2622-465a-90b6-4e9a121461cf,Media.build,premium,78,37,5,,,
bd5c2ceb-584c-46ff-92dd-62926548e7eb,Media.business,premium,78,37,5,,,
3d844d6b-7b2f-4055-9464-dd52dbc4f7a2,Media.bz,resell,78,37,5,"NameCheap, Inc.",04/04/2018 01:05,04/04/2026 01:05
3aafd939-bb43-483e-967a-74802f6524b3,Media.ca,resell,78,37,5,CanSpace Solutions Inc.,25/09/2000 15:49,24/09/2026 04:00
7161872f-6178-4146-98c6-ddbda6deabee,Media.cab,resell,78,37,5,"Xiamen ChinaSource Internet Service Co., Ltd",18/03/2024 15:15,18/03/2026 15:15
fac1e693-3921-479c-9700-c9acd1c3e90f,Media.cafe,resell,78,37,5,"Sav.com, LLC",21/09/2016 22:47,21/09/2026 22:47
e5952a68-e958-4e1c-86af-1f0aefa16411,Media.cam,premium,78,37,5,,,
d5a772b5-6348-4315-b8f2-48e5cb38e9db,Media.camera,available,78,37,5,,,
04515d4e-2a32-4796-9c15-fbbd350f7538,Media.camp,premium,78,37,5,,,
b6d034cc-009c-4b74-9aa7-f80afd42cc5d,Media.capital,resell,78,37,5,Dynadot Inc,02/09/2015 16:16,02/09/2026 16:16
5294443a-7164-4926-9067-4d27d3b32aea,Media.car,available,78,37,5,,,
8f8ae857-3941-4f2d-9533-c69095fad3be,Media.care,premium,78,37,5,,,
705dbe57-069a-4d5d-854a-cdf6947035b0,Media.careers,premium,78,37,5,,,
adcba866-eddd-47a9-87b4-446c544cbecd,Media.cars,available,78,37,5,,,
bf7ca066-9eaf-4e04-99dd-44ca308af9c8,Media.casa,resell,78,37,5,"Spaceship, Inc.",25/02/2024 03:15,25/02/2026 03:15
2d629501-77c6-47f4-93ef-802c4551ace7,Media.catering,premium,78,37,5,,,
6912739a-f7e5-49f9-ada5-8a81b2ba8b8f,Media.cc,resell,78,37,5,"GoDaddy.com, LLC",19/11/1997 08:00,19/11/2026 08:00
54d42af5-6f09-4790-af70-68083e37cfa4,Media.center,premium,78,37,5,,,
75f5f751-24da-48da-9207-f1cdf8132fc1,Media.ceo,premium,78,37,5,,,
4b38ef0f-3dd3-4294-ba0c-d4e1a49dacaf,Media.charity,premium,78,37,5,,,
998f1d05-97a0-44ec-9610-306b0edc8d09,Media.christmas,resell,78,37,5,"Spaceship, Inc.",14/01/2025 16:16,14/01/2026 23:59
78fca264-b820-44df-8821-3a809e26d03e,Media.cleaning,available,78,37,5,,,
4c9702e7-570d-4f3c-ad21-05e32a7aec20,Media.click,resell,78,37,5,"Global Domains International, Inc.",06/07/2020 12:23,06/07/2026 12:23
50dddd09-b35d-4293-8401-b978b9b7b2fe,Media.clinic,premium,78,37,5,,,
826ede53-ae10-4237-87d2-f8400b4040c6,Media.clothing,expiring,78,37,5,Domain Science Kutatsi Szolgltat Korltolt Felelssg Trsasg,09/01/2025 15:15,09/01/2026 15:15
cdcbe130-9177-4959-b9ee-18bc64a76d13,Media.cloud,resell,78,37,5,Tucows Domains Inc.,12/02/2020 14:39,13/02/2026 14:24
65a464ce-ef2a-4faa-a42e-f0abcef209d6,Media.club,premium,78,37,5,,,
bd045b44-e486-47c1-bde8-a669e6364452,Media.co,resell,78,37,5,Hello Internet Corp.,25/02/2010 00:08,24/02/2026 23:59
ebceb3c6-cbc1-48ab-913a-e4ea648dff7b,Media.college,premium,78,37,5,,,
85b826cd-9da2-4c21-8659-caac5bb9cc0b,Media.company,resell,78,37,5,"Name.com, Inc.",09/09/2018 08:32,09/09/2030 08:32
146b0dd6-5c68-4550-adc2-52758cc0e5c8,Media.computer,resell,78,37,5,"Sav.com, LLC",12/08/2025 17:00,12/08/2026 17:00
0a5276b1-b03c-4bf2-ba04-24225387bf34,Media.condos,premium,78,37,5,,,
66d6696e-645d-4e2f-b45d-5a219b7e5caa,Media.construction,expiring,78,37,5,"GoDaddy.com, LLC",10/01/2020 03:36,10/01/2026 03:36
9fd8e8e5-4657-411f-a1be-45e24ad9e82b,Media.consulting,premium,78,37,5,,,
cb5a39f5-5f5a-4fdd-8c49-7a1bc73c3173,Media.cooking,premium,78,37,5,,,
fd40f57b-87ed-4160-87f0-a958c52b064d,Media.country,available,78,37,5,,,
ea4cc408-c5be-49fe-b661-75be25409c67,Media.coupons,available,78,37,5,,,
2ffec73c-e627-4fe3-ba43-3118ed2915fe,Media.courses,premium,78,37,5,,,
e1634f4b-22b7-4402-8b6e-fde78de810df,Media.creditcard,available,78,37,5,,,
424097ef-a25f-4724-8728-78d60aa99dbf,Media.cricket,premium,78,37,5,,,
b9fff1a3-c5c8-4d70-81c0-da02e49cc1f5,Media.cruises,premium,78,37,5,,,
cf632d23-ef84-434a-a874-e61189ff82a6,Media.cx,expiring,78,37,5,InterNetX GmbH,06/01/2011 00:00,06/01/2026 15:48
a82783b3-caf9-40f1-bafd-de729dda77a2,Media.dad,premium,78,37,5,,,
4c5c042e-18a0-4dee-9925-ef1ca452ce0c,Media.date,premium,78,37,5,,,
7d0f58f9-4758-41a7-a0c6-d68a2bb4a626,Media.dating,available,78,37,5,,,
86e04556-b2c4-4278-a0b6-3011b8bfa884,Media.deal,premium,78,37,5,,,
f0fb9621-2baf-4ab1-aaf2-2b7b5460ce18,Media.dealer,premium,78,37,5,,,
b4ced303-59aa-4e08-82f6-35091bbff85d,Media.degree,available,78,37,5,,,
ca6ac567-f2d2-484a-b494-1f0147a53693,Media.dentist,premium,78,37,5,,,
f8f66c63-5b80-4583-afda-dec29616f430,Media.design,premium,78,37,5,,,
fca633e8-5990-47f2-85ca-adcd22fd1736,Media.dev,expiring,78,37,5,Gandi SAS,07/01/2025 21:35,07/01/2026 21:35
68f936fc-8639-4e7a-abde-784abdb9131f,Media.diamonds,available,78,37,5,,,
b8d40210-5705-484f-a3e2-41f6560c39a2,Media.digital,resell,78,37,5,Dynadot Inc,17/06/2015 16:00,17/06/2026 16:00
99296a17-69da-4bd0-bb6e-572b2ae03a7e,Media.doctor,expired,78,37,5,"Sav.com, LLC",21/10/2024 19:05,21/10/2025 19:05
6e170ae7-d08e-4011-83dc-781de93784a6,Media.dog,premium,78,37,5,,,
8ca136b6-04ee-4129-ad99-c413cebd26ba,Media.domains,resell,78,37,5,"GoDaddy.com, LLC",30/09/2017 02:52,30/09/2026 02:52
95e359f6-b785-4d99-a709-581bf6fcca32,Media.download,premium,78,37,5,,,
962c97d4-26ca-43a4-82cd-d890dd9f28e1,Media.earth,expiring,78,37,5,"GoDaddy.com, LLC",06/01/2020 16:53,06/01/2026 16:53
dc59d3b5-a86a-4890-8130-d06f6b2e1548,Media.enterprises,resell,78,37,5,Porkbun LLC,08/07/2015 21:21,08/07/2026 21:21
1e5f4957-1ecd-4f56-be32-4eaa9830022f,Media.equipment,available,78,37,5,,,
89c3d595-d1ab-4e10-8bb6-803a0c017f6e,Media.esq,premium,78,37,5,,,
616136d4-12ac-40c4-8a03-2db189439ed2,Media.estate,resell,78,37,5,"Sav.com, LLC",10/04/2021 07:24,10/04/2026 07:24
8c03d8d4-c9b6-488f-9fa7-3002cc657369,Media.eu,available,78,37,5,,,
9d4a3792-3a61-449f-967e-1a15ce00a1c8,Media.exchange,resell,78,37,5,"GoDaddy.com, LLC",11/09/2015 10:56,11/09/2026 10:56
4318a555-b50c-427b-bca3-e170330158be,Media.expert,premium,78,37,5,,,
73820955-3413-4c6b-b0f3-0933c3e2d75a,Media.exposed,premium,78,37,5,,,
cf101e75-e63f-4ec6-bd70-30d7e2e3cefb,Media.faith,premium,78,37,5,,,
0a746a3d-1fdf-46e0-91c0-238e8a9bc51c,Media.family,resell,78,37,5,"GoDaddy.com, LLC",27/02/2020 15:00,27/02/2026 15:00
84b6a3a6-0f6d-4614-8c4c-3cd81af196fd,Media.fans,premium,78,37,5,,,
a0e9aa63-daa7-4ba7-b0f1-2b16d08cbd23,Media.film,premium,78,37,5,,,
edaa33cf-0032-4239-94e4-98bc58d977ac,Media.finance,resell,78,37,5,"Sav.com, LLC - 43",14/01/2025 15:15,14/01/2026 15:15
46d49e54-c891-40d3-8813-618ec4df68e4,Media.financial,premium,78,37,5,,,
d6bdc64e-8b6e-4a99-818b-c06c7925e0c7,Media.fishing,premium,78,37,5,,,
8075c008-4bd4-4a34-8fdc-06e801acdb9d,Media.flights,premium,78,37,5,,,
b6ce0039-e972-45f1-84b3-b2fc17b0a4ba,Media.flowers,available,78,37,5,,,
0d1eaabe-f8ee-4f52-9241-10baf885a4df,Media.fm,premium,78,37,5,,,
25010235-237e-4916-86b8-ebcb3960b651,Media.foo,premium,78,37,5,,,
cb036f12-2997-42e9-8017-a111d23cbe47,Media.food,premium,78,37,5,,,
3929711b-9aa5-478c-8494-3ee0d9911c65,Media.football,premium,78,37,5,,,
3221bd23-7a8a-454d-8b1b-6b29d790b840,Media.forsale,premium,78,37,5,,,
1b9558b9-9d05-4880-96d6-b88e86114d8b,Media.forum,premium,78,37,5,,,
33736a27-6861-400d-93d2-e11c0da4c87a,Media.foundation,expired,78,37,5,"NameCheap, Inc.",11/10/2020 01:29,11/10/2025 01:29
46ce0cd4-e79e-4bda-8132-137e7cb70d18,Media.free,premium,78,37,5,,,
8ab6835a-865d-4696-bb91-3fde045fef16,Media.fund,resell,78,37,5,Squarespace Domains II LLC,22/05/2021 08:29,22/05/2026 08:29
41ea600e-8242-4f40-9e8c-c76954ccfb2e,Media.furniture,available,78,37,5,,,
9b3e5087-2f07-4980-bbb1-7ae39bbe2eff,Media.fyi,resell,78,37,5,Dynadot Inc,05/10/2023 03:01,05/10/2028 03:01
12506785-2449-4a39-b6cb-3723b19928cc,Media.gallery,resell,78,37,5,"Global Domains International, Inc. DBA DomainCostClub.com",17/06/2015 16:00,17/06/2027 16:00
c95ae5d0-71ed-4761-bc3c-ce8696e64d4b,Media.game,premium,78,37,5,,,
def7f3e2-83cb-4bfb-b543-5c6e7ee3a3c5,Media.gay,premium,78,37,5,,,
b443c1ea-0b62-46b0-a247-7d4cd7f06263,Media.gifts,premium,78,37,5,,,
71201c29-2e25-4d54-acc4-f74b4eba2248,Media.gives,available,78,37,5,,,
51281fb3-ffc8-4372-95f1-8ad9002a9461,Media.giving,available,78,37,5,,,
f75291e2-cda6-4207-bb7c-32483560e0cc,Media.glass,premium,78,37,5,,,
9fe3a619-42f4-488c-baa3-3ef145780e1f,Media.global,resell,78,37,5,"Sav.com, LLC - 19",05/06/2024 15:15,05/06/2026 15:15
c273d942-ec08-4996-a083-5ec643656f2d,Media.gold,resell,78,37,5,"DNSPod, Inc.",13/12/2018 08:27,13/12/2026 08:27
d342fb19-699d-4241-8689-4f101a37c9b6,Media.gratis,premium,78,37,5,,,
2ef5a7d7-7a05-4b9e-9685-1a225d72d07d,Media.gripe,premium,78,37,5,,,
c7fac8f7-5c05-4aa7-a267-0d90c19b53a1,Media.group,resell,78,37,5,"GoDaddy.com, LLC",03/06/2016 16:00,03/06/2026 16:00
f0535494-1d90-4468-82e6-d1d8e1b439be,Media.guitars,available,78,37,5,,,
0f58d193-afed-44bf-97f7-27e679bc678c,Media.guru,resell,78,37,5,"Sav.com, LLC",24/11/2023 18:01,24/11/2026 18:01
46db52fe-856b-4715-9b68-28811bd33b96,Media.hair,premium,78,37,5,,,
796a1313-f185-437b-a134-f4b24dbba48b,Media.haus,resell,78,37,5,"Spaceship, Inc.",31/03/2024 15:15,31/03/2026 15:15
15a5981d-845e-4a8e-add1-0c8efb2e3c91,Media.health,resell,78,37,5,DotHealth LLC,30/07/2024 16:09,30/07/2026 16:09
5d2e4bbd-4aae-4c08-9d02-7fa96911507b,Media.hiphop,available,78,37,5,,,
6b170949-d921-4cc7-ad8e-52be80e25b9b,Media.hiv,available,78,37,5,,,
d4df1aac-f350-44da-b5f2-6490739ef547,Media.hockey,available,78,37,5,,,
943ae45d-ec44-4fab-a44e-a45c811de78a,Media.holiday,available,78,37,5,,,
c1d980f4-3f2e-4d32-b5b9-f3b129e899bd,Media.horse,available,78,37,5,,,
aff4e40f-161c-4d55-b213-ad5c26d1d4ea,Media.hospital,available,78,37,5,,,
a5716692-9646-42c2-bfd1-0188e7d844ff,Media.host,premium,78,37,5,,,
d94c3ec5-65e8-4a51-b3c3-46291f942c67,Media.hosting,premium,78,37,5,,,
79f3d34f-4125-432e-ba48-50243380225a,Media.hot,premium,78,37,5,,,
e189f251-75c3-4383-b134-38605b1ef8ed,Media.house,resell,78,37,5,"GoDaddy.com, LLC",31/07/2015 16:00,31/07/2027 16:00
5d9a2222-456f-4706-8e03-1c1b78d0f0b8,Media.how,available,78,37,5,,,
708382a3-3583-4a7b-ad18-6f47de806e6b,Media.icu,premium,78,37,5,,,
a8354875-10e1-4a65-9ca1-178cf84b6433,Media.id,resell,78,37,5,PT Digital Registra Indonesia,18/08/2014 03:18,18/08/2026 23:59
740c13e1-760c-4079-bfab-cc5f0c4aadb5,Media.im,premium,78,37,5,,,
33929a4c-09bc-4d46-865b-1f823be6367d,Media.industries,premium,78,37,5,,,
085777f2-89bc-46ce-b16f-9affac04bbfc,Media.ing,premium,78,37,5,,,
d238bfd8-0ce8-40e7-a2db-27d0653a4f04,Media.investments,premium,78,37,5,,,
f69248cf-eb5a-4e6d-8830-11337d0da7f7,Media.irish,available,78,37,5,,,
df5fc97c-32f2-4a9b-a855-0397ed812f03,Media.juegos,available,78,37,5,,,
5683f7ef-801e-495c-9677-5d49d59ccd08,Media.kaufen,available,78,37,5,,,
df1904b6-025b-455c-9a66-6b7ff96a63d8,Media.kids,premium,78,37,5,,,
9ffdf520-cb97-465e-911c-d4db52a6bde2,Media.kim,resell,78,37,5,Unstoppable Domains Inc,14/11/2024 17:00,14/11/2026 17:00
27e20538-01c0-47f8-bd3d-393de5d5f732,Media.land,resell,78,37,5,Dynadot Inc,01/11/2018 08:20,01/11/2026 08:20
f6712bc9-d19e-4c28-902d-2339afe34f6e,Media.lawyer,premium,78,37,5,,,
e93f8b8c-f814-40ff-9939-5ecf5d07b654,Media.life,resell,78,37,5,"GoDaddy.com, LLC",03/07/2015 16:06,03/07/2026 16:06
f59a2539-1dd8-42bd-88ac-15ebe7440793,Media.lifestyle,premium,78,37,5,,,
25f42080-487d-44ba-8924-dd512704cec6,Media.lighting,available,78,37,5,,,
39cc6a94-890c-49a8-b2bf-b17bc5c19f41,Media.limited,premium,78,37,5,,,
8f9bf831-4092-4699-861a-841d4182e710,Media.limo,available,78,37,5,,,
abb677d0-bfbf-4b9d-862b-00ce4525aa8f,Media.live,premium,78,37,5,,,
3cc705f5-53d4-48f8-a4e8-aeb960a75104,Media.living,premium,78,37,5,,,
73f1f5f6-8b7c-4993-a13d-ca435d8eecbd,Media.llc,premium,78,37,5,,,
38091c05-1b39-4e79-be42-c6c5172eed35,Media.loan,premium,78,37,5,,,
3bc3c1fb-1b27-434b-9a8b-2d506193a2b5,Media.loans,available,78,37,5,,,
caacf3f5-c998-4a70-a2c5-21bc562e3785,Media.locker,premium,78,37,5,,,
fb15b014-ad69-4b66-bed7-4070624ead7a,Media.love,premium,78,37,5,,,
61be082c-5d03-4471-bbfc-18c7d87c61dc,Media.ltda,available,78,37,5,,,
b485c694-32d9-4613-93bc-8a35d769022d,Media.makeup,premium,78,37,5,,,
9b2b51d4-d482-4b15-aecf-04c5f787b046,Media.management,resell,78,37,5,1API GmbH,24/06/2015 16:00,24/06/2026 16:00
78da5a88-c029-413c-961b-54550dc4a06c,Media.market,premium,78,37,5,,,
0e2b96e2-e5f5-424e-ac78-2f697d2ff398,Media.marketing,resell,78,37,5,1API GmbH,04/07/2020 06:13,04/07/2026 06:13
63eebdf7-f55d-4b81-bc48-47a3950f8745,Media.mba,resell,78,37,5,"DNSPod, Inc.",19/03/2023 15:15,19/03/2026 15:15
22f9eb63-204d-4d67-98f3-e5cfe2a4166d,Media.melbourne,premium,78,37,5,,,
5fece707-a390-4c6e-8baf-0c96052618d3,Media.meme,premium,78,37,5,,,
b6c02fe5-63a9-4797-bb92-5c8d6832a34c,Media.memorial,available,78,37,5,,,
b710629b-b77b-4460-9121-ea80c1abdf3c,Media.men,resell,78,37,5,"Cosmotown, Inc.",17/02/2016 09:11,17/02/2030 09:11
51a320a9-56ea-45f0-b9a2-712f35fe4a3d,Media.menu,available,78,37,5,,,
743129ba-aa0c-4474-9108-c753bf06e8c3,Media.mobi,resell,78,37,5,"GoDaddy.com, LLC",11/05/2006 22:14,11/05/2026 22:14
37a899ab-14e7-4349-a98a-7c4cbf927196,Media.moda,premium,78,37,5,,,
5e6e31c3-cd45-40ff-b7f1-da24b9456a56,Media.moe,premium,78,37,5,,,
38c6c613-524c-4e80-ad5e-455cbff2f664,Media.mom,premium,78,37,5,,,
02d4ef5b-7618-4f17-b9ec-1d1703bb188c,Media.mortgage,available,78,37,5,,,
54c47910-477d-410b-8028-722ca0616996,Media.motorcycles,premium,78,37,5,,,
16c5ac7e-7970-48f8-9a2d-ab665820bddb,Media.mov,premium,78,37,5,,,
da51fad7-df0a-4622-aed5-f4add2ca5ae7,Media.movie,available,78,37,5,,,
a57e9ac4-9deb-4153-a6e4-4115bd7265a6,Media.music,premium,78,37,5,,,
d6af37f8-620f-47c4-98ac-f6d0e4da75c6,Media.news,premium,78,37,5,,,
8b79b6c0-0e6c-4e81-bbf2-e9ba9c4ec88b,Media.nexus,premium,78,37,5,,,
ad4acbe5-c56e-40ce-b140-f40b42aee27d,Media.nyc,premium,78,37,5,,,
4fe81ff1-3576-45c8-b3d4-830febab712c,Media.observer,premium,78,37,5,,,
d190a910-f8a7-44c4-85ff-5f863d761039,Media.online,premium,78,37,5,,,
d0fb8b54-1eea-4876-a638-015fccf2c46f,Media.ooo,available,78,37,5,,,
ca3126c3-6524-4086-aa12-91bb012da6b6,Media.organic,available,78,37,5,,,
25b3898a-9513-45a2-94b3-1f8fcf68d5fc,Media.osaka,premium,78,37,5,,,
a007c1c0-6d34-48bb-b32a-424fa156ac67,Media.page,premium,78,37,5,,,
2b627597-226b-4466-aefe-c313d87f4178,Media.party,premium,78,37,5,,,
217752e1-a201-45dd-b28b-f79cbf503139,Media.pet,premium,78,37,5,,,
23633176-b042-4e75-b5a8-998df2826058,Media.phd,premium,78,37,5,,,
b3856adf-8f96-442b-b218-21dee126402f,Media.photo,premium,78,37,5,,,
94def94e-4636-4008-82e2-dc2c5e49d991,Media.pics,premium,78,37,5,,,
3b6d8585-e2d4-42c2-bd51-51ac80d45bc8,Media.pink,expiring,78,37,5,"Chengdu West Dimension Digital Technology Co., Ltd.",16/12/2017 10:07,16/12/2025 10:07
7031c482-46c7-4357-ba19-4509af1e4f8f,Media.place,resell,78,37,5,"GoDaddy.com, LLC",03/07/2015 17:05,03/07/2026 17:05
f84bf594-f633-4e0c-88dc-3f209dce06bc,Media.plumbing,available,78,37,5,,,
2d9ed3d8-9d29-4e9c-9691-1353cc2029d6,Media.plus,resell,78,37,5,"Sav.com, LLC",08/07/2015 16:00,08/07/2026 16:00
320920af-0677-4643-80fa-15abbfe80c58,Media.poker,expired,78,37,5,Porkbun LLC,05/10/2017 14:16,05/10/2025 14:16
4089c04b-1994-4c2e-a1e1-12fc15b9b702,Media.porn,premium,78,37,5,,,
ddc9c55b-e159-4e76-9963-5e827eb079e6,Media.productions,premium,78,37,5,,,
7fdf69a8-bf8f-46c8-b7a7-dea5cb5f8621,Media.prof,premium,78,37,5,,,
2f99c3aa-f732-4d29-949f-40511116b1fa,Media.promo,premium,78,37,5,,,
2216b6af-9f71-4c8f-99aa-03dbf59e6dd5,Media.properties,premium,78,37,5,,,
e74f3e54-bf89-4ddf-a13e-0165f647ba86,Media.property,premium,78,37,5,,,
876b29c5-35a4-430d-828f-08235c33db3d,Media.protection,available,78,37,5,,,